Food Name,Energy (KJ/100g),Sugars (g/100g),Saturated Fat (g/100g),Salt (g/100g),Proteins (g/100g),Fiber (g/100g),Fruit/Veg (%),Nutri-Score,Ecoscore
Nutella,0.6086486486486486,0.563,0.18596491228070175,0.0063313609467455624,0.09559939301972685,0.0,0.0,1,31
S√©same,0.53,0.17,0.03508771929824561,0.02248520710059172,0.15174506828528073,0.06865671641791044,0.0,4,57
Alvalle Gazpacho l'original,0.04540540540540541,0.033,0.007017543859649123,0.03668639053254438,0.013657056145675264,0.017910447761194027,0.0,5,82
70% Cacao noir intense,0.6351351351351352,0.3,0.42105263157894735,0.00591715976331361,0.14415781487101667,0.0,0.0,1,29
Noir Excellence 90%,0.6694594594594595,0.07,0.5263157894736842,0.001775147928994083,0.15174506828528073,0.0,0.0,2,29
Excellence 85% Cacao Chocolat Noir Puissant,0.6535135135135135,0.15,0.47368421052631576,0.001183431952662722,0.1896813353566009,0.0,0.0,1,29
Anacardi,0.6783783783783784,0.065,0.15789473684210525,0.001183431952662722,0.3110773899848255,0.07761194029850746,1.0,4,30
Original,0.5459459459459459,0.071,0.15789473684210525,0.10059171597633136,0.125948406676783,0.035820895522388055,0.0,1,62
Pulco Zitrone,0.013378378378378379,0.004,0.0,0.0002958579881656805,0.0015174506828528073,0.07462686567164178,0.0,3,112
Ger√∂stete Mandel Ohne Zucker,0.015135135135135135,0.0,0.0017543859649122807,0.008284023668639055,0.006069802731411229,0.004477611940298507,0.0,4,69
Walnusskerne,0.8051351351351351,0.03,0.11929824561403508,0.001183431952662722,0.23520485584218512,0.10149253731343283,0.0,5,13
cruesly m√©lange de noix,0.5170270270270271,0.12,0.03508771929824561,0.0,0.12898330804248861,0.14925373134328357,0.0,5,66
Biscuits croquants au coeur onctueux de Nutella¬Æ,0.5832432432432433,0.358,0.20175438596491227,0.03307692307692308,0.11987860394537177,0.0,0.0,1,44
Le Beurre Tendre Doux,0.827027027027027,0.008,1.0,0.002958579881656805,0.01062215477996965,0.0,0.0,1,31
P√¢te √† tartiner noisettes et cacao,0.6213513513513513,0.51,0.09122807017543859,0.00591715976331361,0.10166919575113809,0.04925373134328358,0.0,2,44
Tartine Doux,0.5494594594594595,0.0,0.2631578947368421,0.02366863905325444,0.0,0.0,0.0,3,63
Cracotte C√©r√©ales Compl√®tes,0.43108108108108106,0.081,0.017543859649122806,0.09467455621301776,0.16691957511380878,0.11194029850746269,0.0,3,64
Chocolat noir - 85% cacao,0.6472972972972973,0.129,0.49473684210526314,0.001775147928994083,0.16388467374810317,0.21641791044776118,0.0,2,19
C√©r√©ales Chocapic,0.44270270270270273,0.22399999999999998,0.03508771929824561,0.013017751479289942,0.13353566009104703,0.11194029850746269,0.0,5,28
Primev√®re,0.5505405405405406,0.0,0.24561403508771928,0.02366863905325444,0.0,0.0,0.0,3,69
Extra dark chocolate 74% cacao,0.6456756756756756,0.26,0.45614035087719296,0.001183431952662722,0.15022761760242792,0.0,0.0,1,40
Oat Drink Barista Edition,0.06891891891891892,0.04,0.005263157894736842,0.0057692307692307696,0.01669195751138088,0.011940298507462687,0.0,4,60
Tartines craquantes au sarrasin imp,0.4408108108108108,0.026000000000000002,0.010526315789473684,0.04023668639053255,0.20333839150227617,0.06567164179104477,0.0,5,95
Chocolat au lait du Pays Alpin,0.6108108108108108,0.551,0.3263157894736842,0.016331360946745564,0.09999999999999999,0.03402985074626865,0.0,1,33
Belvita Petit D√©jeuner Chocolat,0.49891891891891893,0.27,0.06315789473684211,0.03668639053254438,0.11987860394537177,0.10149253731343283,0.0,3,31
Pur beurre de cacahu√®te,0.7002702702702703,0.051,0.1701754385964912,0.0,0.44006069802731407,0.08208955223880597,0.0,4,68
La g√¢che tranch√©e,0.3856756756756757,0.13,0.12982456140350876,0.06523668639053255,0.12291350531107738,0.0,0.0,2,49
Biscottes 6 c√©r√©ales,0.45891891891891895,0.034,0.042105263157894736,0.09467455621301776,0.19726858877086492,0.07462686567164178,0.0,3,77
Flocons d'avoine,0.4118918918918919,0.017,0.022807017543859647,0.001183431952662722,0.16691957511380878,0.16417910447761194,0.0,5,89
Haferflocken,0.42324324324324325,0.006999999999999999,0.022807017543859647,0.001775147928994083,0.20485584218512898,0.14925373134328357,0.0,5,76
"Lu - Cracotte Original Wheat Slices, 250g (8.8oz)",0.302972972972973,0.035,0.012280701754385963,0.058136094674556216,0.1411229135053111,0.0791044776119403,0.0,5,73
Ohne Zucker Hafer,0.04513513513513514,0.0,0.0035087719298245615,0.006508875739644971,0.0030349013657056147,0.017910447761194027,0.0,5,62
14 Maxi Tranches complet sans sucres ajout√©s,0.2772972972972973,0.038,0.005263157894736842,0.07100591715976332,0.13201820940819423,0.09850746268656715,0.0,5,83
nutella,0.6086486486486486,0.563,0.18596491228070175,0.0063313609467455624,0.09559939301972685,0.05223880597014925,0.0,1,21
Excellence 70% Cocoa Intense Dark,0.6351351351351352,0.3,0.42105263157894735,0.00591715976331361,0.14415781487101667,0.0,0.0,1,29
Ricor√© original,0.15594594594594594,0.091,0.0017543859649122807,0.013609467455621303,0.04097116843702579,0.6761194029850746,0.0,1,-9
Figolu,0.4540540540540541,0.5,0.06578947368421052,5.550295857988166e-05,0.07116843702579666,0.046567164179104475,0.0,2,49
1848 Chocolat en poudre,0.39864864864864863,0.47000000000000003,0.06315789473684211,0.001183431952662722,0.16691957511380878,0.2537313432835821,0.0,5,-16
Krisprolls complets sans sucres ajout√©s,0.45594594594594595,0.011000000000000001,0.015789473684210527,0.06508875739644972,0.19726858877086492,0.12388059701492538,0.0,5,95
Om√©ga 3¬Æ Doux,0.52,0.0,0.2982456140350877,0.02440828402366864,0.0,0.0,0.0,3,62
Pain AMS complet,0.2972972972972973,0.049,0.007017543859649123,0.07100591715976332,0.11684370257966616,0.10746268656716418,0.0,4,85
Granola,0.5551351351351351,0.28,0.21052631578947367,0.06982248520710059,0.08952959028831563,0.05223880597014925,0.0,1,40
Sunny Via Agave syrup squeeze bottle imp,0.3618918918918919,0.79,0.0017543859649122807,1.4792899408284026e-06,0.007587253414264036,0.0,0.0,2,30
Weetabix,0.40945945945945944,0.044000000000000004,0.010526315789473684,0.01627218934911243,0.18209408194233687,0.14925373134328357,0.0,5,28
Nestl√© Dessert,0.6175675675675676,0.46399999999999997,0.3543859649122807,0.000591715976331361,0.09104704097116843,0.10895522388059702,0.0,1,43
Monaco,0.6224324324324324,0.055999999999999994,0.3157894736842105,0.12426035502958581,0.18209408194233687,0.035820895522388055,0.0,1,66
Muesli Superfruits,0.40702702702702703,0.14,0.014035087719298246,0.000591715976331361,0.16691957511380878,0.14029850746268657,0.2,5,87
Pain grill√© au bl√© complet,0.43864864864864866,0.026000000000000002,0.03508771929824561,0.10650887573964497,0.18209408194233687,0.07611940298507462,0.0,3,70
pain de mie grandes tranches sp√©cial sandwich complet,0.2943243243243243,0.05,0.008771929824561403,0.0591715976331361,0.125948406676783,0.09402985074626866,0.0,5,74
Belvita Original Petit-D√©jeuner miel et p√©pites de chocolat,0.5037837837837837,0.28,0.043859649122807015,0.04082840236686391,0.11077389984825492,0.08507462686567165,0.0,2,45
St hubert bio doux 230g ss hdp,0.55,0.0,0.3508771929824561,0.026627218934911243,0.0,0.0,0.0,2,79
Biscuits go√ªt chocolat,0.5254054054054054,0.3,0.15087719298245614,0.027810650887573965,0.09863429438543246,0.058208955223880594,0.0,2,31
Pains au lait x10,0.40135135135135136,0.11,0.07017543859649122,0.06508875739644972,0.13050075872534142,0.05223880597014925,0.0,3,71
Crema de cacahuete,0.6913513513513514,0.036000000000000004,0.11929824561403508,0.001183431952662722,0.4552352048558421,0.14776119402985075,0.0,5,40
Pain de mie grandes tranches Seigle & Graines 500g,0.33675675675675676,0.042,0.017543859649122806,0.056804733727810655,0.18209408194233687,0.10746268656716418,0.0,5,90
Excellence 85% Cacao Rich Dark,0.6535135135135135,0.15,0.47368421052631576,0.001183431952662722,0.1896813353566009,0.0,0.0,1,26
Fourr√©s - Chocolat Noir,0.5451351351351351,0.27,0.12105263157894737,0.028994082840236687,0.11532625189681334,0.0791044776119403,0.0,2,70
mayonnaise de Dijon,0.7327027027027028,0.015,0.0982456140350877,0.10650887573964497,0.018209408194233685,0.007462686567164179,0.0,1,46
Doux 70% noir subtil,0.6837837837837838,0.29,0.5087719298245614,0.0016272189349112428,0.1047040971168437,0.0,0.0,1,15
Biscuit soja orange,0.5043243243243243,0.18,0.024561403508771926,0.021301775147928994,0.16691957511380878,0.07313432835820896,0.0,4,64
–ù—É—Ç–µ–ª–∞,0.6086486486486486,0.563,0.18596491228070175,0.0063313609467455624,0.09559939301972685,0.0,0.0,1,21
RICORE Original,0.15594594594594594,0.091,0.0017543859649122807,0.013609467455621303,0.04097116843702579,0.6761194029850746,0.0,1,-5
Figue & son,0.5089189189189189,0.16,0.02982456140350877,0.01124260355029586,0.1411229135053111,0.19402985074626866,0.0,5,60
Tomato Ketchup,0.11756756756756757,0.228,0.0017543859649122807,0.10650887573964497,0.018209408194233685,0.0,0.0,2,80
pulpe de tomates,0.02945945945945946,0.027999999999999997,0.0,0.01775147928994083,0.018209408194233685,0.0,0.0,5,97
Tartines craquantes quinoa - pois chiche,0.43324324324324326,0.006,0.008771929824561403,0.02958579881656805,0.14567526555386948,0.07014925373134329,0.0,5,95
V√©ritable Petit Beurre Pocket,0.5005405405405405,0.23,0.13157894736842105,0.07692307692307693,0.12291350531107738,0.05671641791044776,0.0,2,72
Fresh Square 0% - Plain,0.08810810810810811,0.015,0.0017543859649122807,0.08875739644970415,0.26555386949924126,0.0,0.0,4,55
Flocons d'avoine compl√®te,0.4243243243243243,0.011000000000000001,0.02631578947368421,0.000591715976331361,0.16691957511380878,0.13432835820895522,0.0,5,76
Pomme üçè üçé Noisetteü•ú,0.514054054054054,0.11,0.02631578947368421,0.000591715976331361,0.14871016691957512,0.09850746268656715,0.0,5,60
Weetabix produit √† base de bl√© complet 100%,0.41081081081081083,0.00853,0.0018771929824561403,0.003076923076923077,0.18209408194233687,0.15074626865671642,0.0,5,39
biscotte,0.43432432432432433,0.054000000000000006,0.03859649122807018,0.06627218934911244,0.22761760242792106,0.1791044776119403,0.0,3,79
Harrys brioche tressee nature au sucre perle sans additifs 500g,0.40432432432432436,0.13,0.017543859649122806,0.04733727810650888,0.13050075872534142,0.06716417910447761,0.0,4,47
Sardines Huile d'Olive Vierge Extra,0.25675675675675674,0.0,0.06140350877192982,0.06982248520710059,0.3490136570561456,0.0,0.0,3,31
Caprice des dieux,0.3727027027027027,0.001,0.3684210526315789,0.08284023668639054,0.22761760242792106,0.0,0.0,2,57
Belvita Brut & 5 c√©r√©ales compl√®tes,0.4954054054054054,0.22,0.024561403508771926,0.08284023668639054,0.11836115326251896,0.09104477611940298,0.0,2,54
Dark Chocolate 70%,0.6389189189189189,0.084,0.43859649122807015,0.001775147928994083,0.1274658573596358,0.0,0.0,2,16
"Muesli Raisin, Figue, Abricot",0.40135135135135136,0.14,0.015789473684210527,0.001775147928994083,0.16691957511380878,0.14925373134328357,0.0,5,87
High Protein Schoko Pudding,0.08675675675675676,0.04,0.017543859649122806,0.007100591715976332,0.15174506828528073,0.0,0.0,5,82
BjORG AMANDE ALMOND SANS SUGRES- NO SUGAR,0.027567567567567567,0.005,0.0035087719298245615,0.002958579881656805,0.01062215477996965,0.007462686567164179,0.0,4,80
Baked Beans in Tomato Sauce,0.09162162162162163,0.043,0.0017543859649122807,0.034911242603550295,0.07283763277693474,0.058208955223880594,0.34,5,85
"Alpro Fermentiertes Sojaprodukt mit Kokosnuss, 500g",0.06243243243243243,0.021,0.01929824561403509,0.01893491124260355,0.05918057663125948,0.011940298507462687,0.0,4,79
Th√© - Biscuits,0.5154054054054054,0.26,0.1175438596491228,0.04142011834319527,0.11380880121396053,0.050746268656716415,0.0,2,46
NESQUIK Cacao,0.4416216216216216,0.751,0.028070175438596492,0.0242603550295858,0.07738998482549315,0.11492537313432837,0.0,4,-3
Bio Chocolat Noir Cacao 70%,0.6413513513513514,0.28,0.43859649122807015,0.000591715976331361,0.12898330804248861,0.16567164179104477,0.0,2,53
V√©ritable Petit Beurre üßà,0.12513513513513513,0.057999999999999996,0.03508771929824561,0.020710059171597635,0.030349013657056143,0.011940298507462687,0.0,3,71
Brioche Tranch√©e Bio 400g,0.39756756756756756,0.13,0.017543859649122806,0.05325443786982249,0.13201820940819423,0.03283582089552239,0.0,4,69
Copos de avena,0.41621621621621624,0.0075,0.021929824561403508,0.0014792899408284025,0.20485584218512898,0.14925373134328357,0.0,5,85
NESTLE CHOCAPIC C√©r√©ales 750g,0.44270270270270273,0.22399999999999998,0.03508771929824561,0.013017751479289942,0.13353566009104703,0.11194029850746269,0.0,5,30
100% mie complet 500g,0.2845945945945946,0.055,0.007017543859649123,0.06508875739644972,0.11380880121396053,0.09701492537313433,0.0,5,84
Genoese and Basil Pesto,0.5486486486486487,0.05,0.09298245614035087,0.18934911242603553,0.07132018209408193,0.04477611940298507,0.0,1,56
Harrys beau & bon pain de mie farine de ble cereales & graines 320g,0.32594594594594595,0.035,0.012280701754385963,0.0591715976331361,0.18209408194233687,0.08955223880597014,0.0,5,80
Harrys pain de mie 100% mie nature sans croute 500g,0.30405405405405406,0.077,0.007017543859649123,0.06508875739644972,0.1062215477996965,0.05671641791044776,0.0,4,86
Sabl√©s Anglais L'Original,0.5472972972972973,0.151,0.17719298245614035,0.07692307692307693,0.1062215477996965,0.05522388059701493,0.0,1,63
Paysan Breton - Le Fromage Fouett√© Madame Lo√Øk - Nature au Sel de Gu√©rande,0.28081081081081083,0.03,0.30350877192982456,0.06508875739644972,0.08952959028831563,0.0,0.0,2,58
Skyr,0.06432432432432432,0.039,0.0017543859649122807,0.0053017751479289945,0.15174506828528073,0.0,0.0,5,78
Nocciolata bio,0.6151351351351352,0.51,0.09999999999999999,0.007100591715976332,0.12291350531107738,0.05373134328358209,0.0,2,54
P√¢te √† tartiner Nutella noisettes et cacao - 750g,0.6086486486486486,0.563,0.18596491228070175,0.0063313609467455624,0.09559939301972685,0.0,0.0,1,21
Salakis 100% Brebis,0.3081081081081081,0.008,0.28421052631578947,0.0004142011834319527,0.2382397572078907,0.0,0.0,3,31
Tomato Ketchup BIO,0.12864864864864864,0.24800000000000003,0.0017543859649122807,0.10059171597633136,0.0212443095599393,0.0,0.0,2,94
Carr√© Frais - Nature,0.21675675675675676,0.025,0.19298245614035087,0.07100591715976332,0.18209408194233687,0.0,0.0,2,57
Lightly sea salted crisps,0.5383783783783784,0.0064,0.042105263157894736,0.04881656804733728,0.09408194233687404,0.08208955223880597,0.0,4,83
2 Bars Milk and Hazelnuts,0.6443243243243243,0.41200000000000003,0.30350877192982456,0.01609467455621302,0.13050075872534142,0.029850746268656716,0.0,1,22
Biscottes aux c√©r√©ales et aux graines,0.4581081081081081,0.04,0.021052631578947368,0.10059171597633136,0.212443095599393,0.11194029850746269,0.0,3,86
Maizena Fleur de Ma√Øs Sans Gluten 400g,0.4018918918918919,0.005,0.0017543859649122807,0.000591715976331361,0.007587253414264036,0.014925373134328358,0.0,3,86
"Th√© noir glac√©, saveur p√™che intense",0.021621621621621623,0.043,0.0,0.0014792899408284025,0.0,0.0,0.0,2,61
Corn Flakes,0.4335135135135135,0.08,0.0035087719298245615,0.06508875739644972,0.1062215477996965,0.04477611940298507,0.0,4,29
St M√¥ret,0.23,0.03,0.23157894736842102,0.07100591715976332,0.125948406676783,0.0,0.0,2,50
Vanille au Soja,0.07567567567567568,0.075,0.007017543859649123,0.01183431952662722,0.05614567526555387,0.013432835820895522,0.0,5,81
Croustillant Chocolat,0.49594594594594593,0.15,0.07543859649122807,0.028402366863905328,0.14719271623672228,0.14626865671641792,0.0,3,50
Ketchup,0.11756756756756757,0.222,0.0017543859649122807,0.10650887573964497,0.018209408194233685,0.0,0.0,3,80
La b√ªche Sainte-Maure (Poitou-Charentes,0.3264864864864865,0.01,0.2807017543859649,0.08875739644970415,0.30349013657056145,0.0,0.0,2,31
Agavesirap,0.3445945945945946,0.75,0.0017543859649122807,0.001775147928994083,0.0015174506828528073,0.007462686567164179,0.0,2,44
NESQUIK Moins de Sucres,0.0,0.0,0.0,0.0,0.0,0.0,0.0,5,20
"Alpro Mandeldrink, Original 1L",0.025135135135135135,0.024,0.0017543859649122807,0.008284023668639055,0.006069802731411229,0.005970149253731343,0.0,4,77
ProActiv Margarine Tartine,0.3497297297297297,0.005,0.13333333333333333,0.01183431952662722,0.007587253414264036,0.0,0.0,3,62
–°—É—à–µ–Ω–∏ –∏ –∑–∞—Ö–∞—Ä–æ—Å–∞–Ω–∏ –±–æ—Ä–æ–≤–∏–Ω–∫–∏,0.3864864864864865,0.705,0.0017543859649122807,0.001775147928994083,0.01062215477996965,0.08805970149253732,0.0,3,29
Om√©ga 3 Doux Tartine & Cuisson,0.52,0.0,0.2631578947368421,0.02485207100591716,0.0,0.0,0.0,3,52
Country Crisp 4 noix,0.5302702702702703,0.17500000000000002,0.045614035087719294,0.001775147928994083,0.1547799696509863,0.09104477611940298,0.0,4,29
Noir - Noisettes Enti√®res,0.6394594594594595,0.4,0.2807017543859649,0.000591715976331361,0.11077389984825492,0.11641791044776119,0.0,1,29
Granola L'original,0.5686486486486486,0.36,0.24561403508771928,0.0591715976331361,0.08649468892261002,0.04925373134328358,0.0,1,43
St Hubert,0.52,0.0,0.2807017543859649,0.02366863905325444,0.0,0.0,0.0,3,54
Sauce soja,0.08783783783783784,0.006,0.0,1.0,0.15174506828528073,0.0,0.0,3,95
Sour Cream & Onion,0.5921621621621622,0.027000000000000003,0.11228070175438597,0.07692307692307693,0.09104704097116843,0.050746268656716415,0.0,2,67
Special Muesli 30% fruits & noix,0.41081081081081083,0.172,0.03508771929824561,0.001775147928994083,0.1547799696509863,0.13134328358208955,0.0,5,73
Spaghetti N.5,0.4110810810810811,0.035,0.008771929824561403,0.000591715976331361,0.19726858877086492,0.04477611940298507,0.0,5,73
Kreikkalainen jogurtti,0.13594594594594595,0.032,0.11578947368421051,0.00591715976331361,0.06980273141122913,0.005970149253731343,0.0,3,80
Biscuit lait chocolat,0.5121621621621621,0.22,0.04736842105263158,0.04023668639053255,0.15174506828528073,0.08805970149253732,0.0,3,74
Biscuit raisins,0.5016216216216216,0.17,0.021052631578947368,0.01183431952662722,0.125948406676783,0.07611940298507462,0.0,5,60
Hafer Flocken Zart,0.4218918918918919,0.008,0.01929824561403509,0.0,0.20030349013657053,0.14477611940298507,0.0,5,91
Maille Moutarde Fine de Dijon L'Originale Bocal 360g,0.16216216216216217,0.02,0.012280701754385963,0.2899408284023669,0.11532625189681334,0.05671641791044776,0.0,3,66
Grilletine au froment sans sucres ajout√©s,0.48405405405405405,0.017,0.03508771929824561,0.05266272189349113,0.19726858877086492,0.11044776119402985,0.0,5,85
Brioche moins de sucre,0.3659459459459459,0.09300000000000001,0.01929824561403509,0.0591715976331361,0.1274658573596358,0.10746268656716418,0.0,3,49
Bitter Extra Kraftig,0.6391891891891892,0.01,0.5263157894736842,0.04142011834319527,0.212443095599393,0.0,0.0,1,24
Noir Extra,0.5727027027027027,0.52,0.3157894736842105,0.000591715976331361,0.07435508345978756,0.10746268656716418,0.0,1,29
Oat,0.05189189189189189,0.033,0.0035087719298245615,0.004585798816568048,0.012139605462822459,0.0208955223880597,0.0,5,61
Tomato Ketchup 910 g flacon,0.11756756756756757,0.228,0.0017543859649122807,0.10650887573964497,0.018209408194233685,0.0,0.0,2,78
Nutella p√¢te √† tartiner aux noisettes et au cacao,0.6086486486486486,0.563,0.18596491228070175,0.0063313609467455624,0.09559939301972685,0.0,0.0,1,32
Tomato ketchup 50% moins de sucres & de sel,0.07324324324324324,0.11,0.0,0.05325443786982249,0.0212443095599393,0.0,0.0,3,78
Petites Madeleines,0.4737837837837838,0.23,0.03508771929824561,0.042011834319526625,0.08345978755690439,0.022388059701492536,0.0,2,83
Spreadable Slightly Salted,0.7678378378378379,0.006,0.6140350877192982,0.052366863905325446,0.007587253414264036,0.0,0.0,2,25
CARTE D'OR Glace Cr√®me Glac√©e Vanille de Madagascar 900ml,0.10837837837837838,0.09,0.05087719298245614,0.003550295857988166,0.018209408194233685,0.0025373134328358212,0.0,3,94
Sirop d'√©rable ambr√© go√ªt riche,0.30783783783783786,0.66,0.0,0.001183431952662722,0.0,0.0,0.0,2,82
Cruesli Chocolat noir,0.5151351351351351,0.16,0.08596491228070176,0.028402366863905328,0.12291350531107738,0.14925373134328357,0.0,3,25
V√©ritable Petit √âcolier Chocolat au Lait,0.5632432432432433,0.39,0.24561403508771928,0.037278106508875745,0.09408194233687404,0.0417910447761194,0.0,1,52
Primev√®re Tartine & Cuisson,0.6294594594594595,0.0,0.2982456140350877,0.01775147928994083,0.0,0.0,0.0,3,65
Cookieüç™ cacao p√©pites Sans Sucre,0.05027027027027027,0.0,0.007017543859649123,0.001183431952662722,0.013657056145675264,0.014925373134328358,0.0,5,55
ricore,0.15594594594594594,0.091,0.0017543859649122807,0.013609467455621303,0.04097116843702579,0.6761194029850746,0.0,1,-20
Le Bon Paris √† l'√âtouff√©e,0.1245945945945946,0.005,0.017543859649122806,0.10650887573964497,0.3186646433990895,0.007462686567164179,0.0,3,25
"B√¢tonnets de c√©r√©ales fourr√©s (47,5 %) au chocolat - Cracotte Chocolat",0.5162162162162163,0.3,0.08964912280701755,0.015562130177514795,0.11396054628224582,0.07164179104477611,0.0,2,75
"Chocolat noir extra-fin, traditionnel.",0.6513513513513514,0.17,0.5087719298245614,0.00044378698224852074,0.15174506828528073,0.0,0.0,1,39
PRESIDENT CAMEMBERT 250g,0.3018918918918919,0.0,0.2631578947368421,0.08284023668639054,0.30349013657056145,0.0,0.0,2,48
P√¢te √† tartiner,0.5894594594594594,0.59,0.0894736842105263,0.00591715976331361,0.08194233687405159,0.05223880597014925,0.0,2,31
Beurre bio cacahu√®te,0.6959459459459459,0.057999999999999996,0.11929824561403508,0.001775147928994083,0.39453717754172984,0.12388059701492538,0.0,5,66
La Biscotte 96% de c√©r√©ales,0.46135135135135136,0.068,0.05964912280701754,0.06982248520710059,0.16691957511380878,0.05223880597014925,0.0,2,66
Menguy's Beurre de cacahu√®tes creamy,0.7045945945945946,0.087,0.16666666666666666,0.05088757396449704,0.3793626707132018,0.1,0.0,3,30
Granola LU,0.5686486486486486,0.36,0.24561403508771928,0.0591715976331361,0.08649468892261002,0.04925373134328358,0.0,1,40
Le Sup√©rieur - √† l'Etouff√©e - Conservation sans Nitrite,0.13135135135135134,0.005,0.017543859649122806,0.08875739644970415,0.33383915022761756,0.0,0.0,4,23
Amora Moutarde Forte Bocal 430g,0.1635135135135135,0.02,0.012280701754385963,0.2899408284023669,0.11684370257966616,0.05671641791044776,0.0,3,66
Digestive Avena Choco,0.5391891891891892,0.22,0.08421052631578947,0.0591715976331361,0.11532625189681334,0.09701492537313433,0.0,2,62
Galettes au bon beurre,0.534054054054054,0.26,0.17543859649122806,0.051479289940828406,0.11229135053110774,0.03283582089552239,0.0,1,69
Lay's Cuites au four nature,0.5027027027027027,0.053,0.024561403508771926,0.04970414201183432,0.08952959028831563,0.09253731343283582,0.0,4,73
Le Sup√©rieur -25% de Sel - Conservation sans Nitrite,0.12972972972972974,0.005,0.017543859649122806,0.08284023668639054,0.33383915022761756,0.0,0.0,4,25
Grand Ar√¥me 32% de Cacao,0.08162162162162162,0.095,0.01929824561403509,0.006508875739644971,0.05614567526555387,0.011940298507462687,0.0,2,-15
V√©ritable petit beurre,0.49513513513513513,0.23,0.13157894736842105,0.08224852071005917,0.12139605462822457,0.04477611940298507,0.0,1,75
Pesto Rosso,0.3675675675675676,0.078,0.05964912280701754,0.16568047337278108,0.05766312594840667,0.03432835820895522,0.52,2,49
Coulommiers Doux et Cr√©meux,0.3172972972972973,0.001,0.2807017543859649,0.08875739644970415,0.2731411229135053,0.0,0.0,2,55
Petit Pains Grill√©s Bl√© complet,0.4640540540540541,0.042,0.015789473684210527,0.0591715976331361,0.15174506828528073,0.10298507462686568,0.0,5,95
Pain De Mie Bio,0.31405405405405407,0.061,0.008771929824561403,0.07100591715976332,0.125948406676783,0.08208955223880597,0.0,5,94
Miel de Fleurs Liquide Doseur 500g,0.0,0.0,0.0,0.0,0.0,0.0,0.0,2,77
Tartine & Cuisson 100% v√©g√©tal,0.64,0.0,0.2982456140350877,0.01775147928994083,0.0,0.0,0.0,2,62
"BN - French Casse Croute Biscuits, 375g (13.2oz)",0.4297297297297297,0.256,0.03298245614035087,9.230769230769232e-05,0.11380880121396053,0.03731343283582089,0.0,3,44
Crunchy Avoine & Chocolat Noir x 5 x 2 barres de 21 g,0.5354054054054054,0.268,0.05964912280701754,0.038461538461538464,0.13201820940819423,0.1044776119402985,0.0,3,36
Huile d'olive vierge extra,0.92,0.0,0.24561403508771928,0.0,0.0,0.0,0.0,3,39
Tartines de Pain Bl√© Complet,0.43648648648648647,0.042,0.014035087719298246,0.08875739644970415,0.19726858877086492,0.1298507462686567,0.0,4,80
NESTLE CHOCAPIC BIO C√©r√©ales,0.44594594594594594,0.225,0.028070175438596492,0.013017751479289942,0.13353566009104703,0.11791044776119403,0.0,5,50
Biscottes,0.4654054054054054,0.068,0.05964912280701754,0.07100591715976332,0.16691957511380878,0.05373134328358209,0.0,2,75
La Madeleine Pur beurre,0.5043243243243243,0.26,0.2807017543859649,0.05325443786982249,0.10015174506828527,0.017910447761194027,0.0,1,49
beurre,0.8278378378378378,0.01,1.0,0.001775147928994083,0.01062215477996965,0.0,0.0,1,25
President emmental coeur de meule 250g,0.41405405405405404,0.005,0.3684210526315789,0.03550295857988166,0.40971168437025796,0.0,0.0,2,42
Le Go√ªt Primeur format familial,0.23,0.03,0.23157894736842102,0.07100591715976332,0.125948406676783,0.0,0.0,2,50
Crunchy Peanut Butter,0.7189189189189189,0.038,0.13859649122807016,0.0591715976331361,0.4203338391502276,1.0,0.0,3,38
POM'POTES Compotes Gourdes Pomme Nature 1x90g,0.06945945945945946,0.11,0.0035087719298245615,0.000591715976331361,0.007587253414264036,0.019402985074626865,0.0,5,89
Muesli avoine chocolat bio,0.4437837837837838,0.087,0.06666666666666667,0.00591715976331361,0.18209408194233687,0.14925373134328357,0.0,5,87
Orangensaft,0.04918918918918919,0.08900000000000001,0.0,0.0,0.012139605462822459,0.008955223880597014,1.0,3,47
Biscuits Germe de Bl√© et P√©pites de Chocolat,0.5286486486486487,0.21,0.04912280701754385,0.04082840236686391,0.13808801213960545,0.0626865671641791,0.0,3,56
Sirop d'agave,0.3554054054054054,0.73,0.0,0.004289940828402367,0.0,0.0,0.0,2,49
Pain grill√© Pelletier,0.44,0.025,0.03508771929824561,0.10650887573964497,0.18209408194233687,0.013432835820895522,0.0,2,75
Pain AMS 7 c√©r√©ales,0.3164864864864865,0.05,0.012280701754385963,0.06686390532544378,0.16236722306525037,0.09701492537313433,0.0,5,84
Pain de mie Bio grandes tranches c√©r√©ales & graines 500g,0.34216216216216216,0.055999999999999994,0.014035087719298246,0.07100591715976332,0.13353566009104703,0.0791044776119403,0.0,5,91
Le Choco,0.45351351351351354,0.658,0.07368421052631578,0.007100591715976332,0.10318664643399088,0.13582089552238805,0.0,4,-20
Chocolat noir 47% et pointe de fleur de sel,0.5945945945945946,0.47000000000000003,0.3333333333333333,0.021893491124260357,0.08649468892261002,0.0,0.0,1,27
Kiri-K√§se,0.34054054054054056,0.02,0.3403508771929824,0.07692307692307693,0.13657056145675264,0.0,0.0,2,56
Ice tea,0.015135135135135135,0.03,0.0,0.001775147928994083,0.0,0.0,0.0,3,62
Biscuits pavot citron,0.5148648648648648,0.16,0.024561403508771926,0.021301775147928994,0.13505311077389984,0.07462686567164178,0.0,4,61
Barista Hafer,0.06945945945945946,0.034,0.005263157894736842,0.00591715976331361,0.01669195751138088,0.011940298507462687,0.0,4,63
Basilico 400g eu,0.07243243243243243,0.059000000000000004,0.005263157894736842,0.05325443786982249,0.024279210925644917,0.02835820895522388,0.88,5,91
Nocciolata,0.6135135135135136,0.51,0.09999999999999999,0.007396449704142012,0.12291350531107738,0.05373134328358209,0.0,2,62
American Sandwich Nature,0.31675675675675674,0.077,0.007017543859649123,0.06508875739644972,0.11532625189681334,0.058208955223880594,0.0,4,76
Fraise Intense,0.18594594594594596,0.39,0.0,0.0,0.007587253414264036,0.023880597014925373,0.67,3,73
Doce Extra Morango,0.2724324324324324,0.5770000000000001,0.0017543859649122807,0.000591715976331361,0.0015174506828528073,0.007462686567164179,0.0,2,63
Grilletines bl√© complet,0.4756756756756757,0.073,0.03508771929824561,0.051479289940828406,0.19726858877086492,0.1,0.0,4,79
P√¢te √† tartiner noisette du Lot et Garonne cacao,0.6235135135135135,0.55,0.05263157894736842,0.007692307692307693,0.13050075872534142,0.0,0.0,2,45
Chipster,0.5343243243243243,0.006999999999999999,0.1614035087719298,0.1775147928994083,0.06525037936267071,0.05970149253731343,0.0,1,61
Mango Ohne Zuckerzusatz,0.07081081081081081,0.054000000000000006,0.007017543859649123,0.01183431952662722,0.05614567526555387,0.014925373134328358,0.0,5,80
Jus de citron √† base de concentr√©,0.031621621621621625,0.022000000000000002,0.0017543859649122807,0.000591715976331361,0.006069802731411229,0.007462686567164179,0.0,4,32
Orange Citron √† diluer,0.1854054054054054,0.36700000000000005,0.0,0.000591715976331361,0.004552352048558421,0.0,0.0,2,93
Seed Sensations,0.31351351351351353,0.0409,0.011964912280701755,0.05514792899408285,0.15174506828528073,0.08477611940298507,0.0,5,78
Biscuits petit d√©jeuner moelleux aux p√©pites de chocolat,0.45351351351351354,0.2,0.056140350877192984,0.03372781065088757,1.0,0.10298507462686568,0.0,3,63
Go√ªter 4S Saveur pommes,0.5810810810810811,0.122,0.029298245614035084,0.006568047337278107,0.13823975720789072,0.09119402985074627,0.0,5,55
Fibra,0.48702702702702705,0.005,0.02982456140350877,0.038461538461538464,0.09256449165402122,0.13880597014925375,0.0,4,54
SKYR,0.06594594594594595,0.039,0.0017543859649122807,0.00591715976331361,0.15174506828528073,0.0,0.0,5,76
Calin Extra,0.09297297297297298,0.066,0.03859649122807018,0.007692307692307693,0.08649468892261002,0.0,0.0,4,83
Tartimiel¬Æ Lune de Miel¬Æ doseur 250 g,0.3618918918918919,0.8,0.0,2.958579881656805e-06,0.0,0.0,0.0,2,76
"Alpro Joghurtalternative auf Sojabasis, Natur mit Mandeln, 500 g, 31",0.06108108108108108,0.022000000000000002,0.007017543859649123,0.014792899408284025,0.05918057663125948,0.016417910447761194,0.0,5,89
Pim's Sinaasappel,0.45135135135135135,0.48,0.10175438596491228,0.026035502958579884,0.05007587253414263,0.03731343283582089,0.0,2,49
Thon entier au naturel Albacore,0.12486486486486487,0.0,0.008771929824561403,0.0591715976331361,0.3793626707132018,0.0,0.0,4,35
Muesli Croustillant Noix de p√©can & noix du Br√©sil,0.4748648648648649,0.13,0.031578947368421054,0.014201183431952664,0.16691957511380878,0.19402985074626866,0.0,5,62
BARILLA PENE ŒøŒªŒπŒ∫Œ∑œÇ,0.3962162162162162,0.035,0.008771929824561403,0.000591715976331361,0.19726858877086492,0.11940298507462686,0.0,5,82
Mikado chocolat au lait,0.5491891891891892,0.33,0.19298245614035087,0.04733727810650888,0.10318664643399088,0.04925373134328358,0.0,1,32
Pain au lait bio x8 280g,0.3927027027027027,0.087,0.021052631578947368,0.05325443786982249,0.14264036418816387,0.035820895522388055,0.0,4,91
Tartines craquantes Sarrasin,0.41405405405405404,0.01,0.012280701754385963,0.03372781065088757,0.16691957511380878,0.06716417910447761,0.0,5,95
Jambon Le Bon Paris,0.1218918918918919,0.005,0.022807017543859647,0.10650887573964497,0.3186646433990895,0.007462686567164179,0.0,3,24
Biscottes Pleine vie Sans sel ajout√©,0.4602702702702703,0.05,0.04736842105263158,0.001775147928994083,0.18209408194233687,0.05373134328358209,0.0,4,80
Leerdammer original 8 tranches 200g,0.3945945945945946,0.001,0.32456140350877194,0.08875739644970415,0.39453717754172984,0.0,0.0,2,35
Organic - Lightly Salted - Wholegrain Low Fat - Rice Cakes imp,0.4454054054054054,0.005,0.012280701754385963,0.017455621301775148,0.12898330804248861,0.0,0.0,4,69
Tartines craquantes sarrasin,0.4183783783783784,0.015,0.007017543964218596,0.028402366229062722,0.18209408194233687,0.05223880597014925,0.0,5,95
Nesquik,0.4416216216216216,0.751,0.028070175438596492,0.0242603550295858,0.07738998482549315,0.11492537313432837,0.0,4,1
candia,0.0472972972972973,0.048,0.010526315789473684,0.00591715976331361,0.05007587253414263,0.0,0.0,5,59
Brioche Tranch√©e Recette Classique,0.3918918918918919,0.15,0.07543859649122807,0.06508875739644972,0.12139605462822457,0.07462686567164178,0.0,3,49
La vache qui rit,0.25810810810810814,0.06,0.21052631578947367,0.10059171597633136,0.16691957511380878,0.0,0.0,2,38
Chocolat noir Equateur Bio,0.7137837837837838,0.14,0.5964912280701754,0.000591715976331361,0.13657056145675264,0.17164179104477612,0.0,2,49
"Fruits, amandes et noisettes",0.40702702702702703,0.17600000000000002,0.017543859649122806,0.001183431952662722,0.14415781487101667,0.1537313432835821,0.0,5,86
P'tit Nature Complet,0.47297297297297297,0.2,0.014035087719298246,0.026627218934911243,0.11532625189681334,0.11343283582089551,0.0,4,70
St Hubert Omega 3 Sans Huile de Palme 500g Doux,0.52,0.0,0.2982456140350877,0.02485207100591716,0.0,0.0,0.0,3,62
Penne Rigate N¬∞73,0.4110810810810811,0.035,0.008771929824561403,0.000591715976331361,0.19726858877086492,0.04477611940298507,0.0,5,73
Biscottes Sans sucres ajout√©s Bl√© complet,0.43702702702702706,0.034,0.012280701754385963,0.06508875739644972,0.212443095599393,0.1791044776119403,0.0,5,99
Captain Rondo Cacao,0.5305405405405406,0.3,0.17543859649122806,0.019526627218934913,0.09559939301972685,0.05671641791044776,0.0,2,56
Ratatouille cuisin√©e √† la Proven√ßale,0.0927027027027027,0.057999999999999996,0.012280701754385963,0.03668639053254438,0.02276176024279211,0.03134328358208955,0.0,5,72
Kiri¬Æ Cr√®me 12 portions,0.34054054054054056,0.02,0.3403508771929824,0.07692307692307693,0.13657056145675264,0.0,0.0,2,48
Caf√© moulu pur arabica des petits producteurs,0.0,0.0,0.0,0.0,0.0018209408194233686,0.0,0.0,4,6
HIPRO 15g prot√©ines,0.07270270270270271,0.08,0.014035087719298246,0.005177514792899409,0.060698027314112286,0.0,0.0,5,71
Le moelleux,0.12783783783783784,0.026000000000000002,0.007017543859649123,0.09467455621301776,0.10318664643399088,0.0,0.0,3,24
Go√ªter aux raisins,0.49108108108108106,0.21,0.022807017543859647,0.0,0.14264036418816387,0.0955223880597015,0.0,4,63
Lait 100 % fran√ßais Matin L√©ger¬Æ Demi-√âcr√©m√©,0.04918918918918919,0.048,0.014035087719298246,0.00591715976331361,0.05007587253414263,0.0,0.0,5,50
ƒåokol√°da,0.6151351351351352,0.456,0.38596491228070173,0.000591715976331361,0.07283763277693474,0.0,0.0,1,47
bjorg avoine bio,0.050540540540540545,0.04,0.005263157894736842,0.0053254437869822485,0.007587253414264036,0.007462686567164179,0.0,4,82
"Alpro Fermentiertes Sojaprodukt, Unges√º√üt 500g",0.04783783783783784,0.0,0.007017543859649123,0.014201183431952664,0.060698027314112286,0.013432835820895522,0.0,5,81
Cracotte Gourmande,0.44,0.12,0.017543859649122806,0.08284023668639054,0.18209408194233687,0.0417910447761194,0.0,3,66
Pringles,0.6037837837837838,0.013999999999999999,0.05964912280701754,0.08284023668639054,0.05766312594840667,0.03880597014925373,0.0,2,72
Pistaches de Californie,0.6837837837837838,0.055999999999999994,0.11052631578947368,0.08757396449704143,0.4021244309559939,0.11343283582089551,0.0,3,47
saveur p√™che ici tea,0.015135135135135135,0.03,0.0,0.001775147928994083,0.0,0.0,0.0,3,63
Peanut butter Creamy,0.6705405405405406,0.094,0.16491228070175437,0.06405325443786983,0.3490136570561456,0.10298507462686568,0.0,3,40
Excellence Noir Orange Intense Aux amandes effil√©es,0.6024324324324325,0.46,0.2982456140350877,0.004733727810650888,0.1062215477996965,0.0,0.0,1,70
Wraps,0.34162162162162163,0.021,0.021052631578947368,0.0591715976331361,0.13808801213960545,0.023880597014925373,0.0,4,76
Tofoo Naked,0.16324324324324324,0.001,0.021052631578947368,0.003550295857988166,0.2503793626707132,0.02835820895522388,0.0,5,101
Fitness Nature C√©r√©ales compl√®tes,0.42162162162162165,0.083,0.010526315789473684,0.03313609467455622,0.14871016691957512,0.12686567164179105,0.0,5,31
Petites Madeleines p√©pites chocolat,0.5118918918918919,0.3,0.06140350877192982,0.04497041420118344,0.08345978755690439,0.017910447761194027,0.0,2,42
Haselnusskerne ger√∂stet,0.8045945945945946,0.035,0.11929824561403508,0.001775147928994083,0.21699544764795142,0.12238805970149252,0.0,5,20
St hubert omega 3 255 g doux,0.52,0.0,0.2631578947368421,0.02485207100591716,0.0,0.0,0.0,3,10
Czekolada gorzka 95%,0.662972972972973,0.023,0.5438596491228069,0.001775147928994083,0.1896813353566009,0.14925373134328357,0.0,2,34
"chocolat Noir D√©licat Doux 85,% cacao",0.6827027027027027,0.14,0.5789473684210527,0.0014792899408284025,0.13505311077389984,0.0,0.0,1,38
Biscuit complet au germe de bl√©,0.4945945945945946,0.19,0.020877192982456137,0.01408284023668639,0.12640364188163883,0.10656716417910447,0.0,3,52
Multivitamin Capri-Sun,0.03513513513513514,0.073,0.0,0.0,0.0,0.0,0.0,1,45
Knusper M√ºsli Schoko,0.5081081081081081,0.13699999999999998,0.10175438596491228,0.0242603550295858,0.16540212443095598,0.13582089552238805,0.0,3,94
petit d√©jeuner miel et p√©pites de chocolat,0.5037837837837837,0.28,0.043859649122807015,0.04082840236686391,0.11077389984825492,0.08507462686567165,0.0,2,81
Yaos le yaourt √† la Grecque,0.11351351351351352,0.035,0.09298245614035087,0.007100591715976332,0.04704097116843702,0.0,0.0,3,71
Belvita original  - Biscuits petit d√©jeuner miel & p√©pites de chocolat,0.5037837837837837,0.28,0.043859649122807015,0.04082840236686391,0.11077389984825492,0.08507462686567165,0.0,2,45
Cacahuetes 100%,0.6913513513513514,0.036000000000000004,0.11929824561403508,0.001183431952662722,0.4552352048558421,0.14776119402985075,0.0,5,48
Olive oil spread,0.597027027027027,0.005,0.2807017543859649,0.06508875739644972,0.007587253414264036,0.0,0.0,2,62
Dark Rye Crispbread,0.3902702702702703,0.03,0.0035087719298245615,0.04378698224852071,0.12898330804248861,0.22686567164179103,0.0,5,82
Yaos Yaourt √† la Grecque Nature 4 x 150g,0.11351351351351352,0.035,0.09298245614035087,0.007100591715976332,0.04704097116843702,0.0,0.0,3,70
Go√ªter p√©pites de chocolat,0.5124324324324324,0.2,0.06491228070175438,0.015976331360946748,0.11077389984825492,0.07611940298507462,0.0,3,52
Quaker Rolled Oats,0.422972972972973,0.011000000000000001,0.02631578947368421,0.0,0.16691957511380878,0.13432835820895522,0.0,5,76
Tomate frito,0.08675675675675676,0.069,0.005263157894736842,0.0591715976331361,0.02276176024279211,0.0,0.0,3,91
Biscottes Forme+,0.44513513513513514,0.069,0.04035087719298245,0.0834319526627219,0.22761760242792106,0.11641791044776119,0.0,3,79
le bio pour toute la famille multifruit,0.04297297297297297,0.08199999999999999,0.0,0.0,0.0,0.0,0.6,1,54
L'original tartare ail & fines herbes,0.3878378378378378,0.023,0.4298245614035088,0.06508875739644972,0.1062215477996965,0.0,0.0,2,50
Oreo,0.5397297297297298,0.38,0.09473684210526316,0.04319526627218935,0.08042488619119878,0.04029850746268657,0.0,1,32
Pain de mie grandes tranches Toastiligne complet,0.25756756756756755,0.027999999999999997,0.015789473684210527,0.05798816568047337,0.15174506828528073,0.09253731343283582,0.0,5,70
TUC Original,0.5575675675675675,0.11,0.02982456140350877,0.10177514792899409,0.13353566009104703,0.0417910447761194,0.0,2,67
La paille d‚Äôor aux framboises,0.41594594594594597,0.53,0.0035087719298245615,0.007100591715976332,0.06525037936267071,0.035820895522388055,0.0,2,57
Green and Black's Organic 70% Dark Chocolate Bar,0.6559459459459459,0.29,0.43859649122807015,0.0,0.13808801213960545,0.14925373134328357,0.0,2,40
Oreo o's,0.4375675675675676,0.27,0.017543859649122806,0.02958579881656805,0.11380880121396053,0.058208955223880594,0.0,3,19
La b√ªche fondante,0.3081081081081081,0.005,0.2807017543859649,0.08875739644970415,0.25796661608497723,0.0,0.0,2,40
Lait uht 1/2 √©cr√©m√©,0.05324324324324324,0.048,0.017543859649122806,0.00591715976331361,0.05007587253414263,0.0,0.0,5,56
Extra moelleux nature,0.3248648648648649,0.065,0.008771929824561403,0.06982248520710059,0.12291350531107738,0.07462686567164178,0.0,5,83
Le Beurre Tendre Demi-Sel Barquette,0.8059459459459459,0.006999999999999999,0.9824561403508771,0.1183431952662722,0.009104704097116842,0.0,0.0,1,32
Pago Ace - Orange - Carotte - Citron,0.04540540540540541,0.092,0.0017543859649122807,0.0,0.007587253414264036,0.0,0.0,1,25
Krisprolls complets,0.45594594594594595,0.07,0.03684210526315789,0.09467455621301776,0.18209408194233687,0.11492537313432837,0.0,3,95
NATURAL YOGURT,0.14297297297297298,0.044000000000000004,0.11789473684210525,0.006035502958579882,0.061911987860394535,0.007164179104477611,0.0,3,82
C√©r√©ales All Bran Kellogg's Fibre Plus,0.3783783783783784,0.18,0.012280701754385963,0.05621301775147929,0.212443095599393,0.40298507462686567,0.0,3,40
petit yoplait,0.09837837837837839,0.040999999999999995,0.043859649122807015,0.004437869822485207,0.13657056145675264,0.0014925373134328358,0.0,5,76
Knacki V√©g√©tale,0.2964864864864865,0.022000000000000002,0.024561403508771926,0.07692307692307693,0.24279210925644915,0.03134328358208955,0.0,4,76
Sweet & salty nut chocolat noir et m√©lange de noix,0.5243243243243243,0.233,0.1543859649122807,0.055029585798816574,0.14415781487101667,0.15074626865671642,0.0,2,39
Digestive Avena,0.5394594594594595,0.18,0.04035087719298245,0.06508875739644972,0.11380880121396053,0.10149253731343283,0.0,3,45
Lait noisettes enti√®re,0.6235135135135135,0.43,0.24561403508771928,0.010650887573964497,0.1411229135053111,0.07611940298507462,0.0,1,33
Beurre √† teneur r√©duite en M.G. (60%) doux,0.6083783783783784,0.008,0.7368421052631579,0.002958579881656805,0.015174506828528072,0.0,0.0,2,37
Confiture Fraises,0.2764864864864865,0.59,0.0,0.0,0.006069802731411229,0.017910447761194027,0.5,2,73
Majoneesi,0.8140540540540541,0.013000000000000001,0.10701754385964911,0.06982248520710059,0.01669195751138088,0.0,0.0,2,50
Bueno White,0.6432432432432432,0.439,0.29473684210526313,0.019526627218934913,0.12898330804248861,0.0,0.0,1,12
Carres graines pepites de chocolat,0.5721621621621622,0.289,0.18947368421052632,0.03550295857988166,0.13201820940819423,0.06716417910447761,0.0,1,65
36 Wheat Bisks,0.4027027027027027,0.0447,0.009228070175438596,0.015562130177514795,0.17905918057663125,0.14925373134328357,0.0,5,25
Guacamole,0.16567567567567568,0.013999999999999999,0.06666666666666667,0.08875739644970415,0.028831562974203334,0.07462686567164178,0.0,5,54
Chocolat noir 50% cacao,0.5783783783783784,0.465,0.32982456140350874,0.0034792899408284026,0.0802731411229135,0.12298507462686567,0.0,1,47
Tartine & cuisson doux √† tartiner et √† cuire,0.63,0.0,0.2982456140350877,0.020710059171597635,0.0,0.0,0.0,3,62
Go√ªter aux √©corces confites,0.5054054054054055,0.2,0.024561403508771926,0.001775147928994083,0.14415781487101667,0.09104477611940298,0.0,4,73
"Muesli bio 36% fruits, noix & graines",0.42405405405405405,0.189,0.04912280701754385,0.001775147928994083,0.1411229135053111,0.12686567164179105,0.0,4,86
Krisprolls,0.492972972972973,0.095,0.022807017543859647,0.03964497041420119,0.15174506828528073,0.04626865671641791,0.0,4,95
Real Mayonnaise,0.8216216216216217,0.013000000000000001,0.11052631578947368,0.08875739644970415,0.01669195751138088,0.0,0.0,1,37
Granola aux fruits,0.44675675675675675,0.154,0.022807017543859647,0.007692307692307693,0.17147192716236723,0.1537313432835821,0.0,5,66
Jambon le bon paris,0.12864864864864864,0.005,0.017543859649122806,0.08284023668639054,0.33383915022761756,0.007462686567164179,0.0,4,19
Taboul√© √† l‚Äôorientale,0.20702702702702702,0.054000000000000006,0.014035087719298246,0.13313609467455623,0.06828528072837632,0.03134328358208955,0.0,3,82
Kinder Cards,0.577027027027027,0.429,0.23684210526315788,0.026331360946745565,0.1745068285280728,0.0,0.0,1,35
Sticks et bretzels d'Alsace,0.4464864864864865,0.032,0.042105263157894736,0.16568047337278108,0.15174506828528073,0.09253731343283582,0.0,2,66
Avena crunchy,0.4445945945945946,0.046,0.017543859649122806,0.01183431952662722,0.19726858877086492,0.16417910447761194,0.0,5,29
NOIR DEGUSTATION 70% CARAMEL,0.6432432432432432,0.35200000000000004,0.38421052631578945,0.009881656804733728,0.10773899848254931,0.14328358208955222,0.0,1,44
Biscuits BIO NUTRI + √† l'avoine complet,0.5021621621621621,0.16,0.024561403508771926,0.020710059171597635,0.13808801213960545,0.11194029850746269,0.0,4,74
FuzeTea Th√© glac√© p√™che intense,0.021351351351351352,0.043,0.0,0.001775147928994083,0.0,0.0,0.0,2,55
Organic Natural Yoghurt,0.08054054054054054,0.049,0.043859649122807015,0.007100591715976332,0.0637329286798179,0.0,0.0,4,79
Passierte Tomaten,0.04216216216216216,0.059000000000000004,0.0,0.02366863905325444,0.02579666160849772,0.02835820895522388,0.0,5,91
Mon Taboul√© oriental,0.20702702702702702,0.054000000000000006,0.014035087719298246,0.05325443786982249,0.06828528072837632,0.03134328358208955,0.0,4,77
Th√© noir saveur p√™che blanche,0.022972972972972974,0.047,0.0,0.001775147928994083,0.0,0.0,0.0,2,61
Philadelphia,0.2556756756756757,0.043,0.24561403508771928,0.044378698224852076,0.08194233687405159,0.0029850746268656717,0.0,2,44
Country Crisp - Chocolat noir 70% cacao,0.514054054054054,0.20800000000000002,0.0807017543859649,0.001775147928994083,0.13960546282245825,0.08955223880597014,0.0,3,29
Petit brun extra,0.5018918918918919,0.25,0.10350877192982456,0.04733727810650888,0.10925644916540211,0.043283582089552235,0.0,2,53
Simply nutty muesli,0.4281081081081081,0.142,0.01929824561403509,0.001775147928994083,0.15022761760242792,0.12835820895522387,0.0,5,62
L'original,0.1527027027027027,0.005,0.0017543859649122807,0.000591715976331361,0.07132018209408193,0.03283582089552239,0.0,5,98
Chocolat noir 85% Madagascar,0.6924324324324325,0.14,0.5438596491228069,0.0,0.16691957511380878,0.16417910447761194,0.0,2,49
Classic Barbecue - Smokey & Rich,0.15783783783783784,0.29,0.0017543859649122807,0.07100591715976332,0.013657056145675264,0.0,0.0,2,70
Siggi's Skyr framboise,0.10081081081081081,0.084,0.024561403508771926,0.00591715976331361,0.13505311077389984,0.0,0.0,5,77
Pesto Basilic extra frais,0.3675675675675676,0.035,0.07894736842105263,0.16568047337278108,0.05766312594840667,0.026865671641791045,0.0,2,46
Comt√©,0.4594594594594595,0.005,0.38596491228070173,0.04733727810650888,0.39453717754172984,0.0,0.0,2,42
Houmous extra - Pois chiches fran√ßais & graines de s√©same,0.3551351351351351,0.003,0.045614035087719294,0.06508875739644972,0.10318664643399088,0.09104477611940298,0.0,5,86
Confiture Abricot INTENSE,0.1854054054054054,0.39,0.0,0.0,0.012139605462822459,0.023880597014925373,0.0,3,80
NESTLE NESQUIK C√©r√©ales 450g,0.43108108108108106,0.22399999999999998,0.01929824561403509,0.013017751479289942,0.12898330804248861,0.12835820895522387,0.0,5,30
Granola au chocolat et framboises,0.46216216216216216,0.10099999999999999,0.03859649122807018,0.0,0.1896813353566009,0.15223880597014924,0.0,5,77
Bio biscuits s√©same,0.5445945945945946,0.2,0.04035087719298245,0.02958579881656805,0.14567526555386948,0.07014925373134329,0.0,3,74
Multic√©r√©ales go√ªt chocolat,0.5278378378378379,0.31,0.0894736842105263,0.034911242603550295,0.09863429438543246,0.06865671641791044,0.0,2,39
Lait de coco,0.20243243243243245,0.022000000000000002,0.2982456140350877,0.001775147928994083,0.030349013657056143,0.007462686567164179,0.0,3,92
Les Galettes Boulgour & Quinoa - Tomate & Paprika,0.21405405405405406,0.038,0.010526315789473684,0.05621301775147929,0.11380880121396053,0.07462686567164178,0.0,5,91
"Gerbl√© - Sugar Free Coconut Cookie, 132g (4.7oz)",0.48405405405405405,0.0,0.02631578947368421,0.01183431952662722,0.09408194233687404,0.06119402985074626,0.0,5,54
Toblerone,0.597027027027027,0.6,0.2982456140350877,0.007100591715976332,0.0849772382397572,0.035820895522388055,0.0,1,70
AMORA Ketchup Flacon Souple 550g,0.11189189189189189,0.21,0.0017543859649122807,0.1183431952662722,0.018209408194233685,0.007462686567164179,0.0,2,74
Cassonade pure canne,0.4594594594594595,1.0,0.0,0.0,0.0,0.0,0.0,2,58
Flora Vegan,0.7124324324324325,0.005,0.2807017543859649,0.08284023668639054,0.0015174506828528073,0.0,0.0,2,49
Milk Chocolate,0.6151351351351352,0.094,0.05263157894736842,0.003550295857988166,0.09559939301972685,0.007462686567164179,0.0,3,48
Biscotte gout brioche heudebert,0.49324324324324326,0.12,0.09122807017543859,0.06745562130177514,0.16691957511380878,0.05373134328358209,0.0,2,79
Special Flakes Classic,0.4416216216216216,0.08800000000000001,0.005263157894736842,0.03076923076923077,0.13505311077389984,0.1208955223880597,0.0,5,40
Nocciolata P√¢te √Ä Tartiner Au Cacao Et Noisettes,0.6135135135135136,0.51,0.09999999999999999,0.007396449704142012,0.12291350531107738,0.05373134328358209,0.0,2,62
5% Greek Yogurt,0.10513513513513513,0.03,0.06315789473684211,0.00591715976331361,0.13657056145675264,0.0,0.0,5,80
Roggenvollkornbrot,0.23945945945945946,0.039,0.005263157894736842,0.0591715976331361,0.08801213960546281,0.13880597014925375,0.0,5,83
Mints,0.5175675675675676,0.631,0.17543859649122806,0.001183431952662722,0.05311077389984825,0.06716417910447761,0.0,1,44
Chamonix,0.3945945945945946,0.44,0.0017543859649122807,0.000591715976331361,0.060698027314112286,0.023880597014925373,0.0,2,62
Bjorg amande,0.0327027027027027,0.033,0.0035087719298245615,0.08757396449704143,0.0,0.0,0.0,3,88
Galettes Boulgour & Sarrasin √† l'Emmental,0.25432432432432434,0.019,0.03684210526315789,0.057692307692307696,0.13353566009104703,0.0626865671641791,0.0,5,83
Oat flakes,0.42324324324324325,0.006999999999999999,0.022807017543859647,0.0,0.212443095599393,0.14925373134328357,0.0,5,76
Noir equitable 85% P√©rou,0.7121621621621622,0.14,0.5789473684210527,0.0,0.11836115326251896,0.1791044776119403,0.0,2,54
6 Wraps bl√© complet,0.3324324324324324,0.022400000000000003,0.01807017543859649,1.5562130177514792e-05,0.13869499241274658,0.08238805970149253,0.0,5,78
High Protein Drink Chocolate Flavour,0.07567567567567568,0.052000000000000005,0.0035087719298245615,0.007544378698224853,0.16084977238239756,0.005970149253731343,0.0,5,51
Bastogne,0.5527027027027027,0.4,0.16491228070175437,0.04674556213017752,0.07132018209408193,0.029850746268656716,0.0,1,43
Vitalite Dairy Free Spread,0.5700000000000001,0.0,0.20701754385964913,0.08875739644970415,0.0,0.0,0.0,2,62
Cracotte fibres,0.41621621621621624,0.063,0.01929824561403509,0.08284023668639054,0.16691957511380878,0.16417910447761194,0.0,3,61
Cacao,0.5137837837837838,0.41000000000000003,0.22982456140350876,0.015384615384615385,0.08345978755690439,0.0,0.0,1,32
Palmito L'original,0.6016216216216216,0.21,0.2631578947368421,0.08284023668639054,0.09256449165402122,0.035820895522388055,0.0,1,57
Carottes r√¢p√©es,0.08945945945945946,0.05,0.007017543859649123,0.05118343195266273,0.015174506828528072,0.0417910447761194,0.0,4,80
Petit Billy Moul√© √† la main,0.2164864864864865,0.025,0.18421052631578946,0.05325443786982249,0.18209408194233687,0.0,0.0,3,17
Chip Choco zero sin az√∫cares,0.5164864864864865,0.005,0.10526315789473684,0.03431952662721893,0.08952959028831563,0.05970149253731343,0.0,3,42
Bebida de Avena,0.053513513513513515,0.054000000000000006,0.0017543859649122807,0.001775147928994083,0.024279210925644917,0.01044776119402985,0.0,4,63
Mon Taboul√© Oriental,0.20702702702702702,0.054000000000000006,0.014035087719298246,0.05325443786982249,0.06828528072837632,0.03134328358208955,0.0,4,79
Simply Delicious Muesli,0.41621621621621624,0.147,0.01929824561403509,0.001775147928994083,0.14567526555386948,0.13432835820895522,0.0,5,62
Ketchup 5 Ingr√©dients,0.08432432432432432,0.14,0.0017543859649122807,0.05207100591715977,0.02276176024279211,0.01044776119402985,0.0,3,77
Miel cr√©meux fran√ßais & responsable,0.0,0.0,0.0,0.0,0.0,0.0,0.0,2,91
Nutri+ avoine chocolat,0.5135135135135135,0.17,0.056140350877192984,0.03609467455621302,0.12443095599393017,0.11343283582089551,0.0,3,61
Blanc de poulet,0.11297297297297297,0.005,0.007017543859649123,0.08727810650887576,0.3186646433990895,0.0,0.0,4,22
CHAUSSEE AUX MOINES 340g,0.3418918918918919,0.0,0.3157894736842105,0.09467455621301776,0.30349013657056145,0.0,0.0,2,54
Muesli Bio Superfruits,0.41081081081081083,0.102,0.017543859649122806,0.001775147928994083,0.1699544764795144,0.14029850746268657,0.0,5,86
Mon petit plaisir,0.21972972972972973,0.033,0.20350877192982456,0.07692307692307693,0.125948406676783,0.0,0.0,2,40
Cranberry,0.04513513513513514,0.09300000000000001,0.0,0.0,0.0,0.0,0.27,1,44
galettes riz chocolat noir,0.5516216216216216,0.28,0.22807017543859648,0.000591715976331361,0.10015174506828527,0.0,0.0,1,74
mozzarella,0.2672972972972973,0.01,0.22807017543859648,0.04142011834319527,0.25796661608497723,0.0,0.0,3,52
"Ferrero - Nutella Biscuits Tube, 166g (5.9oz) 20days",0.5832432432432433,0.358,0.20175438596491227,0.03307692307692308,0.11987860394537177,0.0,0.0,1,35
Huile d'olive,1.0,0.0,0.24561403508771928,0.0,0.0,0.0,0.0,3,40
Fourr√©s chocolat lait noisettes,0.591891891891892,0.28,0.13333333333333333,0.03313609467455622,0.12139605462822457,0.05970149253731343,0.0,2,70
Huile d'olive vierge extra Bio Classico,0.9118918918918919,0.0,0.24561403508771928,0.0,0.0,0.0,0.0,3,58
Petit Cookies P√©pites de chocolat,0.5767567567567567,0.35000000000000003,0.2982456140350877,0.026035502958579884,0.11077389984825492,0.05373134328358209,0.0,1,52
P√¢te √† tartiner chocolat noisette,0.6283783783783784,0.52,0.0982456140350877,0.003550295857988166,0.09408194233687404,0.04925373134328358,0.0,2,63
Sainte-Maure,0.3264864864864865,0.01,0.2807017543859649,0.08875739644970415,0.30349013657056145,0.0,0.0,2,40
M&M's peanut,0.591891891891892,0.53,0.19298245614035087,0.006508875739644971,0.14871016691957512,0.0,0.0,1,16
Beurre de cacahu√®tes,0.6727027027027027,0.059000000000000004,0.15087719298245614,0.04082840236686391,0.44006069802731407,0.1253731343283582,0.0,3,66
Citron Vert,0.025135135135135135,0.008,0.0,0.000591715976331361,0.0030349013657056147,0.0,0.0,3,93
Orange juice,0.0445945945945946,0.09300000000000001,0.0,0.004733727810650888,0.0,0.07462686567164178,0.0,2,51
Ice Tea P√™che,0.015135135135135135,0.03,0.0,0.001775147928994083,0.0,0.0,0.0,3,70
Huile Isio 4,1.0,0.0,0.15789473684210525,0.0,0.0,0.0,0.0,3,60
Th√© vert saveur menthe,0.015945945945945946,0.033,0.0,0.001775147928994083,0.0,0.0,0.0,3,98
Confiture fraise -30% de sucres,0.18864864864864866,0.4,0.0,0.0,0.004552352048558421,0.016417910447761194,0.5,3,71
Galettes riz complet Bio,0.4335135135135135,0.006,0.012280701754385963,0.014792899408284025,0.13201820940819423,0.05373134328358209,0.0,5,68
Cr√®me sous pression √† la vanille  250g,0.3543243243243243,0.11,0.3684210526315789,0.004142011834319528,0.03186646433990895,0.0,0.0,2,65
Le  go√ªt primeur,0.23243243243243245,0.03,0.22807017543859648,0.06982248520710059,0.12898330804248861,0.0,0.0,2,49
Petit √©colier chocolat noir,0.5678378378378378,0.36,0.2807017543859649,0.03313609467455622,0.09711684370257967,0.06567164179104477,0.0,1,36
Pim's - Framboise,0.4518918918918919,0.48,0.10175438596491228,0.026627218934911243,0.05159332321699544,0.0417910447761194,0.0,2,49
Chocolat Bio noir 85%,0.6783783783783784,0.14,0.5263157894736842,0.007100591715976332,0.15174506828528073,0.1791044776119403,0.0,2,49
P√¢te √† tartiner Milka aux noisettes,0.6218918918918919,0.5700000000000001,0.0807017543859649,0.010650887573964497,0.05766312594840667,0.03134328358208955,0.0,2,34
Snack popp√© T&H,0.4594594594594595,0.061900000000000004,0.016701754385964912,0.13017751479289943,0.24582701062215476,0.12791044776119403,0.0,3,72
Philadelphia Original,0.27756756756756756,0.013000000000000001,0.24561403508771928,0.044378698224852076,0.08194233687405159,0.0029850746268656717,0.0,2,39
Amora Mayonnaise De Dijon Flacon Souple 235g,0.7327027027027028,0.015,0.0982456140350877,0.10650887573964497,0.018209408194233685,0.007462686567164179,0.0,1,41
"Ketchup z√©ro sel ajour√©, 70% moins de sucres",0.04972972972972973,0.044000000000000004,0.0,0.002958579881656805,0.024279210925644917,0.0,0.0,5,79
C√©leri r√©moulade au fromage blanc,0.15594594594594594,0.02,0.017543859649122806,0.05207100591715977,0.030349013657056143,0.04477611940298507,0.0,5,78
Fourr√©s chocolat au lait,0.5505405405405406,0.3,0.12631578947368421,0.03076923076923077,0.11380880121396053,0.05671641791044776,0.0,2,70
Sabl√©s chocolat,0.5616216216216217,0.28500000000000003,0.2175438596491228,0.05562130177514793,0.10166919575113809,0.04477611940298507,0.0,1,40
Chocolat noir d√©gustation aux √©clats de framboise (70% cacao),0.6197297297297297,0.29,0.41403508771929826,0.001775147928994083,0.12139605462822457,0.0,0.0,1,64
Milka galette choco,0.5705405405405406,0.35000000000000003,0.21052631578947367,0.03550295857988166,0.08649468892261002,0.04029850746268657,0.0,1,32
Mousse au chocolat vegetal au lait de coco,0.1837837837837838,0.162,0.09298245614035087,0.013017751479289942,0.03338391502276176,0.0,0.0,3,25
Pain complet,0.28054054054054056,0.038,0.005263157894736842,0.07100591715976332,0.13201820940819423,0.09850746268656715,0.0,5,82
ST HUBERT OMEGA 3 doux 255G,0.52,0.0,0.2631578947368421,0.02485207100591716,0.0,0.0,0.0,3,52
Brioche tranch√©e √† la cr√®me fra√Æche,0.352972972972973,0.11,0.04736842105263158,0.07810650887573965,0.125948406676783,0.0,0.0,2,55
Pufule»õi,0.48621621621621625,0.01,0.07894736842105263,0.03550295857988166,0.09863429438543246,0.03432835820895522,0.0,3,67
Heudebert Bl√© complet,0.44216216216216214,0.07400000000000001,0.03333333333333333,0.08461538461538462,0.212443095599393,0.09701492537313433,0.0,3,79
Pesto alla Genovese,0.5375675675675676,0.055,0.12456140350877191,0.18920118343195266,0.07132018209408193,0.07462686567164178,0.0,2,49
Tomi Sweet Ketchup,0.10108108108108109,0.17,0.0,0.13017751479289943,0.015174506828528072,0.0,0.0,2,74
Hazelnut Spread with Cocoa,0.6094594594594595,0.563,0.18596491228070175,0.00621301775147929,0.09559939301972685,0.0,0.0,1,32
Tartines craquantes au sarrasin,0.4354054054054054,0.026000000000000002,0.010526315789473684,0.03964497041420119,0.19726858877086492,0.06567164179104477,0.0,5,91
Sucre Cmplet Muscovado,0.4527027027027027,0.9500000000000001,0.0,0.004142011834319528,0.007587253414264036,0.0,0.0,2,75
Noir 70% Intense,0.6727027027027027,0.28,0.5087719298245614,0.001183431952662722,0.10773899848254931,0.16417910447761194,0.0,2,29
Corn Flakes 0%az√∫cares a√±adidos,0.42783783783783785,0.009000000000000001,0.007017543859649123,0.0591715976331361,0.10166919575113809,0.06567164179104477,0.0,4,48
R√∂stzwiebeln,0.6675675675675676,0.09,0.3684210526315789,0.06982248520710059,0.09104704097116843,0.07462686567164178,0.0,2,4
Sauce Tomate cuisin√©e aux petits l√©gumes,0.1545945945945946,0.09300000000000001,0.008771929824561403,0.1715976331360947,0.0424886191198786,0.029850746268656716,0.0,3,69
Oat Drink Whole,0.06783783783783784,0.034,0.005263157894736842,0.0057692307692307696,0.01669195751138088,0.011940298507462687,0.0,4,64
Beau & bon pain de mie complet lin tournesol 320g,0.34405405405405404,0.035,0.017543859649122806,0.05325443786982249,0.16691957511380878,0.1044776119402985,0.0,5,74
Saint Agur,0.4035135135135135,0.005,0.40350877192982454,0.13017751479289943,0.24279210925644915,0.0,0.0,2,36
Sciroppo d'acero canadese,0.40054054054054056,0.8150000000000001,0.0,0.0,0.0,0.0,0.0,2,92
Bio Reiswaffeln mit Salz,0.42864864864864866,0.006,0.008771929824561403,0.01893491124260355,0.1274658573596358,0.0,0.0,4,71
C√©r√©ales Extra P√©pites Chocolat Noisettes,0.5610810810810811,0.21,0.21052631578947367,0.04023668639053255,0.12139605462822457,0.08656716417910447,0.0,2,15
"9 Minis St Moret (17,8% MG)",0.23189189189189188,0.03,0.23157894736842102,0.07692307692307693,0.125948406676783,0.0,0.0,2,38
ZERO NITRITE - LE SUPERIEUR,0.13243243243243244,0.006999999999999999,0.017543859649122806,0.1183431952662722,0.33383915022761756,0.0,0.0,3,25
Cioccolato con nocciole intere,0.6578378378378379,0.3,0.3140350877192982,0.000591715976331361,0.13050075872534142,0.10293358208955224,0.0,2,44
BelVita Original Petit D√©jeuner p√©pites de chocolat,0.49513513513513513,0.16,0.03508771929824561,0.05029585798816568,0.13050075872534142,0.10597014925373134,0.0,3,27
La Cr√®me Enti√®re De Normandie 30%MG,0.3254054054054054,0.032,0.3684210526315789,0.004733727810650888,0.034901365705614563,0.0,0.0,2,72
Parmigiano reggiano,0.4540540540540541,0.0,0.3508771929824561,0.0002366863905325444,0.4855842185128983,0.0,0.0,3,41
Lait,0.05081081081081081,0.0,0.017543859649122806,0.0,0.04704097116843702,0.0,0.0,5,37
Beurre gastronomique demi-sel,0.8221621621621622,0.01,0.9649122807017543,0.1183431952662722,0.01062215477996965,0.0,0.0,1,22
C√¢lin,0.07027027027027027,0.078,0.0017543859649122807,0.007692307692307693,0.09863429438543246,0.0014925373134328358,0.0,5,85
Kinder Bueno,0.6443243243243243,0.41200000000000003,0.30350877192982456,0.01609467455621302,0.13050075872534142,0.0,0.0,1,23
Smoked Trout From France,0.17594594594594595,0.005,0.021052631578947368,0.1775147928994083,0.33383915022761756,0.0,0.0,2,16
No Added Sugar Muesli imp,0.42405405405405405,0.16,0.015789473684210527,0.017159763313609466,0.16691957511380878,0.11641791044776119,0.0,5,67
Country Crisp 4 Baies,0.4913513513513514,0.20199999999999999,0.031578947368421054,0.001775147928994083,0.13808801213960545,0.08955223880597014,0.0,4,66
Baiocchi,0.5764864864864865,0.23,0.08771929824561403,0.03550295857988166,0.12139605462822457,0.05970149253731343,0.0,2,55
28 b√¢tonnets de surimi,0.13702702702702704,0.03,0.008771929824561403,0.10650887573964497,0.1062215477996965,0.0,0.0,3,28
Sucre Poudre,0.4524324324324324,1.0,0.0,0.0,0.0,0.0,0.0,2,99
Pulco √† diluer - Agrumes,0.18675675675675676,0.344,0.0,0.000591715976331361,0.009104704097116842,0.0,0.0,2,77
Le Beurre Doux Leger 41%MG Barquette,0.4272972972972973,0.004,0.43684210526315786,0.01834319526627219,0.004552352048558421,0.0,0.0,2,27
Crunchy Organic Peanut Butter,0.6727027027027027,0.053,0.1543859649122807,0.0591715976331361,0.4142640248421851,0.10895522388059702,0.0,3,68
Melloeux Fruit Rouges,0.43783783783783786,0.22,0.01929824561403509,0.020118343195266276,0.08042488619119878,0.10746268656716418,0.0,4,54
pesto con rucola,0.4954054054054054,0.049,0.08771929824561403,0.1775147928994083,0.06828528072837632,0.026865671641791045,0.354,1,49
Intense Dark Organic Chocolate,0.678918918918919,0.14,0.5263157894736842,0.007692307692307693,0.15174506828528073,0.19402985074626866,0.0,2,54
Fromage blanc nature,0.09054054054054055,0.055999999999999994,0.03859649122807018,0.01627218934911243,0.1047040971168437,0.0,0.0,4,84
Feta salakis huile herbes 300g,0.33135135135135135,0.008,0.32105263157894737,0.15680473372781065,0.22154779969650984,0.0,0.0,2,42
Maxi Tranches Sans sucre ajout√© Nature,0.28486486486486484,0.045,0.005263157894736842,0.06508875739644972,0.125948406676783,0.050746268656716415,0.0,5,83
Danone skyr 140 g x 2 nature,0.06594594594594595,0.039,0.0017543859649122807,0.0053254437869822485,0.15174506828528073,0.0,0.0,5,79
Biscuits Soja Figue,0.5054054054054055,0.17,0.02982456140350877,0.021301775147928994,0.18209408194233687,0.0835820895522388,0.0,4,59
Peanut Butter,0.7364864864864865,0.047,0.13333333333333333,0.03550295857988166,0.34597875569044007,0.08805970149253732,0.0,2,54
Roudor,0.5821621621621622,0.26,0.2982456140350877,0.06508875739644972,0.09408194233687404,0.029850746268656716,0.0,1,63
MAILLE Mayonnaise Fins Gourmets Bocal 320g,0.7383783783783784,0.005,0.10175438596491228,0.08875739644970415,0.028831562974203334,0.008955223880597014,0.0,2,37
Amora Sauce Crudites Nature,0.2881081081081081,0.024,0.03508771929824561,0.07692307692307693,0.007587253414264036,0.007462686567164179,0.0,3,40
Brioche tranch√©e nature ss additif,0.3891891891891892,0.139,0.07543859649122807,0.06508875739644972,0.1274658573596358,0.07611940298507462,0.0,3,58
Edelbitter Mild 90%,0.6756756756756757,0.073,0.5508771929824561,0.001183431952662722,0.16691957511380878,0.21791044776119403,0.0,2,34
Chavroux Pur Ch√®vre,0.18324324324324326,0.026000000000000002,0.15789473684210525,0.0591715976331361,0.13201820940819423,0.0,0.0,3,10
Digestives,0.5462162162162162,0.151,0.17719298245614035,0.0001923076923076923,0.1062215477996965,0.05522388059701493,0.0,2,44
Ratatouille cuisin√©e √† la proven√ßale,0.09351351351351352,0.057999999999999996,0.012280701754385963,0.03698224852071006,0.02276176024279211,0.03134328358208955,0.0,4,73
La cr√®me des chefs ferme et onctueuse gastronomique,0.34054054054054056,0.11,0.3508771929824561,0.004733727810650888,0.03338391502276176,0.0,0.0,2,83
Moutarde Fine et Forte Flacon Souple,0.16378378378378378,0.02,0.012280701754385963,0.2899408284023669,0.11684370257966616,0.05671641791044776,0.0,3,55
Camembert,0.302972972972973,0.005,0.24561403508771928,0.09467455621301776,0.3186646433990895,0.0,0.0,2,44
Bio napitak od zobi,0.04162162162162162,0.044000000000000004,0.0017543859649122807,0.00591715976331361,0.006069802731411229,0.0,0.0,4,74
Pain de seigle complet Epeautre et √©peautre vert,0.22783783783783784,0.032,0.008771929824561403,0.07100591715976332,0.08042488619119878,0.14477611940298507,0.0,5,102
Soyamilch,0.044054054054054055,0.025,0.005263157894736842,0.0053254437869822485,0.04552352048558422,0.007462686567164179,0.0,5,80
Perly,0.10972972972972973,0.094,0.0,0.0,0.12139605462822457,0.0,0.0,5,72
Amora Sp√©cialit√© √† la moutarde de Dijon aux √©pices et aromates Savora Bocal 385g,0.13864864864864865,0.059000000000000004,0.005263157894736842,0.2781065088757397,0.05766312594840667,0.015522388059701494,0.0,2,67
Excellence 100% cacao noir infini,0.6848648648648649,0.005,0.5964912280701754,0.002958579881656805,0.19726858877086492,0.0,0.0,2,29
Sourdough Grains & Seeds,0.2681081081081081,0.013999999999999999,0.005263157894736842,0.04881656804733728,0.16236722306525037,0.07014925373134329,0.0,5,79
03.06.2024 DEU101H 0?:14 4,0.25810810810810814,0.06,0.21052631578947367,0.10059171597633136,0.16691957511380878,0.0,0.0,2,44
Galettes de riz bio,0.5472972972972973,0.27,0.2631578947368421,0.017159763313609466,0.1062215477996965,0.0,0.0,1,74
Lulu L'Ourson Chocolat,0.44351351351351354,0.3,0.05087719298245614,0.03431952662721893,0.07890743550834597,0.025373134328358207,0.0,2,31
Sauce B√©arnaise,0.5202702702702703,0.019,0.07368421052631578,0.12426035502958581,0.009104704097116842,0.0,0.0,2,42
Smooth Peanut butter,0.7294594594594594,0.042,0.12631578947368421,0.0591715976331361,0.3990895295902883,0.09701492537313433,0.0,3,28
Coco pops,0.44216216216216214,0.17,0.015789473684210527,0.038461538461538464,0.09559939301972685,0.05671641791044776,0.0,4,25
Pringles Original,0.6089189189189189,0.013999999999999999,0.11578947368421051,0.06508875739644972,0.08952959028831563,0.05223880597014925,0.0,2,74
Rich and indulgent Hazelnut,0.032972972972972976,0.032,0.0035087719298245615,0.008284023668639055,0.006069802731411229,0.004477611940298507,0.0,4,69
Nutella B-Ready,0.5883783783783784,0.47100000000000003,0.16666666666666666,0.03307692307692308,0.10925644916540211,0.0,0.0,1,30
Bio Knusper M√ºsli Fr√ºchte,0.3054054054054054,0.09,0.043859649122807015,0.007396449704142012,0.09104704097116843,0.07462686567164178,0.0,5,78
Grilletine Sans sucres ajout√©s Bl√© complet,0.45675675675675675,0.021,0.042105263157894736,0.05325443786982249,0.19726858877086492,0.18955223880597014,0.0,4,75
Petits pains grill√©s bl√© complet,0.4640540540540541,0.042,0.015789473684210527,0.06508875739644972,0.15174506828528073,0.10298507462686568,0.0,5,85
All-Bran,0.3783783783783784,0.18,0.012280701754385963,0.05621301775147929,0.212443095599393,0.40298507462686567,0.0,3,38
Petit D√©jeuner Chocolat,0.49891891891891893,0.27,0.06315789473684211,0.03668639053254438,0.11987860394537177,0.10149253731343283,0.0,3,31
Protein Bar,0.41621621621621624,0.0533,0.10526315789473684,0.00015443786982248522,0.7587253414264036,0.01656716417910448,0.0,3,38
Amora Sauce Crudit√©s Caesar Bouteille 380ml,0.2632432432432433,0.036000000000000004,0.04035087719298245,0.08875739644970415,0.030349013657056143,0.007462686567164179,0.0,3,41
Vegan Mayo,0.74,0.027000000000000003,0.09298245614035087,0.08875739644970415,0.007587253414264036,0.0,0.0,2,47
Muesli,0.4172972972972973,0.16,0.015789473684210527,0.01656804733727811,0.18209408194233687,0.12388059701492538,0.0,5,67
Tartined Craquantes Ch√¢taigne,0.4291891891891892,0.051,0.008771929824561403,0.03254437869822486,0.10925644916540211,0.029850746268656716,0.0,4,95
Organic Crisp Bread,0.5002702702702703,0.024,0.07368421052631578,0.10650887573964497,0.2731411229135053,0.14925373134328357,0.0,3,53
Pain de mie extra-moelleux nature,0.31675675675675674,0.037000000000000005,0.007017543859649123,0.05325443786982249,0.125948406676783,0.04029850746268657,0.0,5,76
Biscoff,0.5491891891891892,0.381,0.14035087719298245,0.05443786982248521,0.07435508345978756,0.019402985074626865,0.0,1,35
Maille Mayonnaise,0.7508108108108108,0.01,0.10350877192982456,0.06508875739644972,0.024279210925644917,0.007462686567164179,0.0,2,39
Muesli bio chocolat noir,0.4518918918918919,0.08900000000000001,0.0543859649122807,0.001775147928994083,0.13808801213960545,0.06119402985074626,0.0,5,86
Galettes de Ma√Øs,0.43864864864864866,0.002,0.0035087719298245615,0.01834319526627219,0.1062215477996965,0.0,0.0,4,69
"BN - Strawberry Cookies, 285g (10oz)",0.45,0.32,0.06491228070175438,0.028402366863905328,0.08042488619119878,0.03731343283582089,0.0,2,54
faisselle,0.08594594594594594,0.045,0.05087719298245614,0.00591715976331361,0.06525037936267071,0.0,0.0,4,50
Toast brioch√©,0.49783783783783786,0.1,0.08771929824561403,0.06449704142011835,0.212443095599393,0.050746268656716415,0.0,2,89
Scott's Porage Oats Original 1000g,0.422972972972973,0.01,0.02631578947368421,0.0,0.16691957511380878,0.13432835820895522,0.0,5,86
Lightly Salted Low Fat Corn Cakes,0.43648648648648647,0.003,0.005263157894736842,0.01183431952662722,0.1047040971168437,0.10746268656716418,0.0,5,72
NESTLE DESSERT Noir 205g,0.617027027027027,0.46399999999999997,0.3543859649122807,0.000591715976331361,0.09104704097116843,0.10895522388059702,0.0,1,43
Biscuits Nutella B-ready x15 gaufrettes fourr√©es,0.5883783783783784,0.47100000000000003,0.16666666666666666,0.03307692307692308,0.10925644916540211,0.013432835820895522,0.0,1,44
Seeded Loaf (Bread),0.28216216216216217,0.040999999999999995,0.014035087719298246,0.05739644970414201,0.06828528072837632,0.14776119402985075,0.0,4,73
Nuez natural pelada,0.7975675675675675,0.017,0.10526315789473684,0.0,0.25796661608497723,0.09253731343283582,0.0,5,19
Hummus de garbanzos receta cl√°sica,0.35162162162162164,0.001,0.057894736842105256,0.050591715976331365,0.09104704097116843,0.11940298507462686,0.0,5,73
Skyr myrtille 2 x 140 g,0.10189189189189189,0.084,0.024561403508771926,0.0057692307692307696,0.13657056145675264,0.0,0.0,5,77
Biscuits with cocoa cream,0.5518918918918919,0.3,0.16666666666666666,0.02958579881656805,0.12139605462822457,0.03731343283582089,0.0,1,47
St hubert omega 3 255 g demi sel,0.52,0.0,0.2631578947368421,0.07692307692307693,0.0,0.0,0.0,2,54
Corn flakes,0.42864864864864866,0.055,0.005263157894736842,0.052366863905325446,0.11077389984825492,0.04925373134328358,0.0,4,34
Pistacchi,0.6775675675675675,0.055999999999999994,0.11052631578947368,0.001775147928994083,0.4021244309559939,0.11343283582089551,0.0,5,33
Cracotte framboise,0.42864864864864866,0.33,0.04035087719298245,0.014201183431952664,0.07587253414264036,0.026865671641791045,0.0,2,60
–ö—Ä–∞–≤–µ –º–∞—Å–ª–æ 82%,0.8402702702702702,0.005,1.0,0.001775147928994083,0.01062215477996965,0.0,0.0,1,25
Cr√™pes de Landerneau,0.46324324324324323,0.24,0.15964912280701754,0.10059171597633136,0.12443095599393017,0.019402985074626865,0.0,1,81
Tipiak Graine Parfum√©,0.40594594594594596,0.033,0.008771929824561403,0.20710059171597633,0.19726858877086492,0.0791044776119403,0.0,3,70
Moutarde de Dijon,0.16837837837837838,0.027000000000000003,0.014035087719298246,0.38461538461538464,0.10925644916540211,0.0,0.0,2,66
Cashew-Cranberry-Mix,0.532972972972973,0.38799999999999996,0.07368421052631578,0.001183431952662722,0.15781487101669195,0.0791044776119403,0.0,4,28
Primev√®re doux sans huile de palme,0.6410810810810811,0.001,0.2982456140350877,0.020710059171597635,0.0015174506828528073,0.0,0.0,2,71
Emmental r√¢p√©,0.41864864864864865,0.005,0.3684210526315789,0.04911242603550296,0.40971168437025796,0.0,0.0,2,42
Saveur Barbecue,0.4608108108108108,0.069,0.015789473684210527,0.09585798816568049,0.28679817905918054,0.12686567164179105,0.0,3,72
Paysan Breton - Le Fromage Fouett√© Madame Lo√Øk - Ail et fines herbes de nos r√©gions fran√ßaises,0.27324324324324323,0.03,0.2807017543859649,0.07692307692307693,0.08801213960546281,0.0,0.0,2,59
4 Baguettes viennoises 340g,0.3718918918918919,0.078,0.022807017543859647,0.05384615384615385,0.14719271623672228,0.04626865671641791,0.0,4,81
Kinder Country,0.632972972972973,0.49100000000000005,0.38421052631578945,0.01627218934911243,0.13050075872534142,0.029850746268656716,0.0,1,36
Tresor - Choco Nut,0.4967567567567568,0.26,0.06666666666666667,0.05562130177514793,0.10015174506828527,0.05522388059701493,0.0,2,19
Dare,0.5945945945945946,0.37,0.2807017543859649,0.02366863905325444,0.08194233687405159,0.06417910447761194,0.0,1,48
Lentilles Cuisin√©es √† l'Auvergnate,0.1245945945945946,0.012,0.024561403508771926,0.04733727810650888,0.10015174506828527,0.05373134328358209,0.0,5,75
Fleur de Colza,1.0,0.0,0.12456140350877191,0.0,0.0,0.0,0.0,3,65
"Tropicana 100% oranges press√©es sans pulpe format familial 1,5 L",0.04918918918918919,0.08900000000000001,0.0,0.0,0.012139605462822459,0.008955223880597014,0.0,3,52
Chocolat noir 80% √âquateur intense et floral,0.6824324324324325,0.19,0.5087719298245614,0.0,0.15022761760242792,0.14925373134328357,0.0,2,49
Diet Nature Digestive sin az√∫cares,0.48621621621621625,0.005,0.02631578947368421,0.05207100591715977,0.09408194233687404,0.09701492537313433,0.0,4,54
Muesli Frutas,0.41054054054054057,0.15,0.06842105263157894,0.004733727810650888,0.13808801213960545,0.14925373134328357,0.0,4,66
Pain 100% mie nature sans sucre ajout√©,0.2972972972972973,0.055999999999999994,0.007017543859649123,0.0591715976331361,0.10773899848254931,0.07313432835820896,0.0,5,75
Tartare Ail & Fines herbes,0.37135135135135133,0.022000000000000002,0.38596491228070173,0.0591715976331361,0.13657056145675264,0.0,0.0,2,47
cassonade,0.4524324324324324,0.9890000000000001,0.008771929824561403,0.000591715976331361,0.007587253414264036,0.0,0.0,2,76
Rillettes du Mans - La v√©ritable,0.4813513513513514,0.002,0.26666666666666666,0.06686390532544378,0.24582701062215476,0.0,0.0,1,30
Gervita nature,0.15162162162162163,0.037000000000000005,0.12456140350877191,0.0053254437869822485,0.1047040971168437,0.0,0.0,3,76
Garlic & Herbs Soft French Cheese,0.4418918918918919,0.025,0.45614035087719296,0.0727810650887574,0.12898330804248861,0.0,0.0,2,37
"Gerbl√© - Sugar Free Lemon Yuzu Shortbread, 132g (4.7oz)",0.4797297297297297,0.0,0.021052631578947368,0.013017751479289942,0.09104704097116843,0.07611940298507462,0.0,5,54
Fromage blanc au lait de brebis,0.10756756756756757,0.045,0.07543859649122807,0.006508875739644971,0.08042488619119878,0.0,0.0,4,43
"LU - Grany Chocolate 5 Cereals Bar x6, 125g (4.5oz)",0.5037837837837837,0.24,0.13333333333333333,0.04023668639053255,0.08194233687405159,0.06567164179104477,0.0,2,35
Chips saveur fromage du Jura,0.5902702702702702,0.011000000000000001,0.045614035087719294,0.10059171597633136,0.09559939301972685,0.07164179104477611,0.0,3,82
Banania Original - Cacao C√©r√©ales Touche De Banane & Miel,0.42621621621621625,0.6900000000000001,0.024561403508771926,0.003550295857988166,0.0849772382397572,0.1,0.0,4,-7
ORIGINAL SHREDDED WHEAT¬Æ,0.41135135135135137,0.006999999999999999,0.008771929824561403,0.002958579881656805,0.18512898330804245,0.18208955223880596,0.0,5,40
Prince -  Go√ªt Lait -  Choco Au Bl√© Compet,0.5413513513513514,0.34,0.10701754385964911,0.03076923076923077,0.09104704097116843,0.04776119402985075,0.0,2,27
Vinaigrette L√©g√®re Huile de S√©same & Sauce Soja Graines de S√©same Torr√©fi√©es 36 cl,0.4213513513513514,0.055,0.057894736842105256,0.10650887573964497,0.028831562974203334,0.01044776119402985,0.0,2,49
Chicken Flavour,0.08594594594594594,0.00194,0.0,0.0,0.01957511380880121,0.0,0.0,3,38
"Mmuesesli con quinoa, ch√≠a y chocolate negro",0.47243243243243244,0.18,0.07543859649122807,0.006508875739644971,0.14871016691957512,0.14925373134328357,0.0,3,62
"Alpro Haferdrink, Unges√º√üt 1 L, FRESH",0.045675675675675674,0.0,0.0035087719298245615,0.006508875739644971,0.0030349013657056147,0.017910447761194027,0.0,5,65
–ö—Ä–µ–º–∞ —Å–∏—Ä–µ–Ω–µ,0.2756756756756757,0.027000000000000003,0.2824561403508772,0.03964497041420119,0.09559939301972685,0.0,0.0,2,37
Filet de poulet üêî r√¥ti,0.03702702702702703,0.005,0.0035087719298245615,0.026035502958579884,0.10166919575113809,0.0,0.0,5,29
Chips Recette Paysanne Nature,0.5805405405405405,0.005,0.056140350877192984,0.07692307692307693,0.09408194233687404,0.058208955223880594,0.0,3,73
Choco nussa,0.6210810810810811,0.561,0.11228070175438597,0.0001775147928994083,0.05614567526555387,0.0,0.0,1,39
Nusskracher Voll-Nuss,0.6545945945945946,0.402,0.27192982456140347,0.01242603550295858,0.13657056145675264,0.0626865671641791,0.0,1,48
Cr√®me l√©g√®re fouett√©e 20% Mat Gr,0.2724324324324324,0.12,0.2631578947368421,0.004733727810650888,0.03793626707132018,0.0,0.0,2,72
"Gerbl√© - Sugar Free Sesame Vanilla Cookie, 132g (4.7oz)",0.5,0.005,0.02982456140350877,0.04289940828402367,0.12291350531107738,0.06417910447761194,0.0,4,54
chocolat en poudre,0.08027027027027027,0.081,0.021052631578947368,0.006508875739644971,0.060698027314112286,0.017910447761194027,0.0,2,-17
Simply plain - soya yogurt,0.057297297297297295,0.021,0.007017543859649123,0.014792899408284025,0.060698027314112286,0.014925373134328358,0.0,5,81
Maestro Classic,0.26513513513513515,0.033,0.007017543859649123,0.058579881656804736,0.05311077389984825,0.1208955223880597,0.0,5,70
"Fruit D‚Äôor Riche En Om√©ga 3 (sans Huile De Palme, 100% V√©g√©tal)",0.5,0.0,0.17543859649122806,0.02914201183431953,0.0,0.0,0.0,3,62
Paahdettu maap√§hkin√§,0.7005405405405406,0.053,0.13859649122807016,0.002366863905325444,0.37481031866464337,0.12388059701492538,0.0,3,33
Prince petit dej,0.5313513513513514,0.28,0.14210526315789473,0.03254437869822486,0.10773899848254931,0.05522388059701493,0.0,2,41
Strawberry Jam,0.2764864864864865,0.59,0.0,0.0,0.006069802731411229,0.017910447761194027,0.0,3,71
Filets de Maquereaux √† la moutarde,0.2245945945945946,0.003,0.056140350877192984,0.07692307692307693,0.16691957511380878,0.008955223880597014,0.0,3,19
Tartines Craquantes Multi-C√©r√©ales,0.41945945945945945,0.027999999999999997,0.005263157894736842,0.01893491124260355,0.15022761760242792,0.0417910447761194,0.0,5,91
Muesli aux fruits,0.4081081081081081,0.1,0.043859649122807015,0.0009881656804733728,0.16691957511380878,0.14925373134328357,0.0,5,87
Le Bio Orange,0.03891891891891892,0.08199999999999999,0.0,0.0,0.007587253414264036,0.007462686567164179,0.7000000000000001,2,111
Beurre demi sel aux crisraux de sel de Mer de Noirmoutier,0.8072972972972973,0.01,0.9649122807017543,0.14201183431952663,0.009104704097116842,0.0,0.0,1,44
Baked Beans In Tomato Sauce,0.09621621621621622,0.039,0.0017543859649122807,0.062130177514792904,0.06676783004552352,0.06865671641791044,0.0,5,88
The Original Oat Drink Semi,0.05162162162162162,0.040999999999999995,0.0035087719298245615,0.00591715976331361,0.015174506828528072,0.011940298507462687,0.0,4,56
Plain Sardines,0.1791891891891892,0.0,0.045614035087719294,0.0591715976331361,0.33383915022761756,0.0,0.0,4,25
Colman's Mustard,0.21972972972972973,0.13,0.012280701754385963,0.5029585798816568,0.1062215477996965,0.0,0.0,2,67
Sour Cream & Onion Potato Chips,0.5845945945945946,0.021,0.05087719298245614,0.06982248520710059,0.09559939301972685,0.05223880597014925,0.0,3,67
Mu»ôtar de MasƒÉ,0.10972972972972973,0.04,0.0,0.1183431952662722,0.060698027314112286,0.0,0.0,3,55
Chocolat noir Bio 70%,0.6559459459459459,0.29,0.43859649122807015,0.004733727810650888,0.13808801213960545,0.14925373134328357,0.0,2,48
Sticks Bretzels d'Alsace L'original,0.44216216216216214,0.032,0.042105263157894736,0.16568047337278108,0.15174506828528073,0.09253731343283582,0.0,2,70
–í–∞–Ω–∏–ª–æ–≤ —Å–ª–∞–¥–æ–ª–µ–¥ —Å –ø–∞—Ä—á–µ—Ç–∞ –±–∏—Å–∫–≤–∏—Ç–∏ —Å —à–æ–∫–æ–ª–∞–¥–æ–≤ —á–∏–ø—Å –∏ —à–æ–∫–æ–ª–∞–¥–æ–≤–∏ –ø–∞—Ä—á–µ—Ç–∞,0.30945945945945946,0.25,0.1614035087719298,0.010059171597633138,0.062215477996965085,0.0,0.0,2,84
Gazpacho Tradicional,0.04594594594594595,0.034,0.007017543859649123,0.04733727810650888,0.012139605462822459,0.016417910447761194,0.0,4,78
Chickpeas in Water,0.14351351351351352,0.005,0.005263157894736842,0.0014792899408284025,0.10166919575113809,0.07611940298507462,0.0,5,68
Activia bifidus saveur citron sans arome artificiel 125 g x 4,0.10540540540540541,0.126,0.03508771929824561,0.007692307692307693,0.05462822458270106,0.0,0.0,4,83
Galettes boulghour & √©peautre,0.21081081081081082,0.038,0.010526315789473684,0.05621301775147929,0.07587253414264036,0.09253731343283582,0.0,5,100
Le go√ªt primeur - Ligne & plaisir,0.14891891891891892,0.05,0.09649122807017543,0.0591715976331361,0.15174506828528073,0.0,0.0,3,46
Cr√®meuh chocolat,0.15945945945945947,0.167,0.056140350877192984,0.01656804733727811,0.0637329286798179,0.0,0.0,3,87
The Original Speculoos,0.5475675675675675,0.381,0.14035087719298245,0.054733727810650896,0.07435508345978756,0.019402985074626865,0.0,1,40
Chocolate,0.6356756756756757,0.535,0.39649122807017545,0.01819526627218935,0.13201820940819423,0.0,0.0,1,28
Chips de lentilles saveur tomate mozza,0.5175675675675676,0.037000000000000005,0.031578947368421054,0.08875739644970415,0.19726858877086492,0.0791044776119403,0.0,3,78
"Gem√ºse Oliven, gr√ºn, ohne Stein",0.19324324324324324,0.0,0.05263157894736842,0.7396449704142012,0.015174506828528072,0.0,0.0,2,85
Pain de mie nature,0.30405405405405406,0.077,0.007017543859649123,0.06508875739644972,0.1062215477996965,0.05671641791044776,0.0,4,85
"Kinder - Delice x10, 390g (13.8oz)",0.5137837837837838,0.41000000000000003,0.22982456140350876,0.015502958579881659,0.08345978755690439,0.0426865671641791,0.0,1,17
Arrabbiata,0.06756756756756757,0.05,0.005263157894736842,0.0591715976331361,0.0212443095599393,0.03283582089552239,0.0,5,92
Magnum Amande,0.2772972972972973,0.21,0.1614035087719298,0.00591715976331361,0.05462822458270106,0.0,0.0,2,95
Soy sauce,0.08783783783783784,0.006,0.0,1.0,0.15174506828528073,0.0,0.0,3,96
Les 2 Vaches Vanille Bio de Madagascar 4 x 115 g,0.10648648648648648,0.128,0.03508771929824561,0.008284023668639055,0.05614567526555387,0.0,0.0,4,97
Carottes r√¢p√©es au citron de Sicile,0.08243243243243244,0.045,0.005263157894736842,0.042011834319526625,0.015174506828528072,0.04477611940298507,0.0,5,77
Pur jus citron bio,0.03189189189189189,0.017,0.0017543859649122807,0.000591715976331361,0.007587253414264036,0.0,0.0,4,53
Cooked Chickpeas,0.1264864864864865,0.009000000000000001,0.007017543859649123,0.03550295857988166,0.10166919575113809,0.11343283582089551,0.0,5,74
La Cr√®me L√©g√®re Epaisse 12%MG,0.16216216216216217,0.039,0.14736842105263157,0.006508875739644971,0.04704097116843702,0.0,0.0,3,60
BISCOTTES COMPLETES BIO,0.4275675675675676,0.04,0.008771929824561403,0.07692307692307693,0.22761760242792106,0.12686567164179105,0.0,5,110
Noir 86% Extra intense,0.7175675675675676,0.13,0.6140350877192982,0.001183431952662722,0.12898330804248861,0.19402985074626866,0.0,2,41
Gocciole chocolate,0.5527027027027027,0.22,0.1087719298245614,0.031360946745562134,0.09863429438543246,0.06119402985074626,0.0,2,55
Galettes au bon beurre bio,0.5172972972972973,0.27,0.15964912280701754,0.05384615384615385,0.11987860394537177,0.03880597014925373,0.0,1,74
"–§—ä—Å—Ç—ä—á–µ–Ω–æ –º–∞—Å–ª–æ, –∫—Ä–µ–º–æ–æ–±—Ä–∞–∑–Ω–æ",0.7394594594594595,0.061,0.21052631578947367,0.031952662721893496,0.4218512898330804,0.14925373134328357,0.0,3,25
Maille mout fin gour 320g,0.4,0.017,0.043859649122807015,0.2366863905325444,0.07587253414264036,0.043283582089552235,0.0,2,58
Nocciolata - P√¢te √† tartiner au cacao et noisettes,0.6143243243243244,0.53,0.09649122807017543,0.0,0.08194233687405159,0.07164179104477611,0.0,2,62
Crownfield Special Flakes Red Fruit,0.43783783783783786,0.115,0.012280701754385963,0.021893491124260357,0.13505311077389984,0.09701492537313433,0.0,5,29
Sabl√©s beurr√© nantais,0.524054054054054,0.26,0.19298245614035087,0.08284023668639054,0.1047040971168437,0.03880597014925373,0.0,1,62
Crousti'Son Miel üçØüêùS√©same,0.4975675675675676,0.16,0.028070175438596492,0.015384615384615385,0.13353566009104703,0.1791044776119403,0.0,4,52
Nectar de pommes - Doux - Bio,0.03945945945945946,0.08800000000000001,0.0,0.0,0.007587253414264036,0.007462686567164179,0.5,2,51
Pains au chocolat,0.42945945945945946,0.14,0.17543859649122806,0.0485207100591716,0.10925644916540211,0.07164179104477611,0.0,2,45
Beurre de cacahu√®tes du Nicaragua,0.7289189189189189,0.059000000000000004,0.17543859649122806,0.02958579881656805,0.3793626707132018,0.0,0.0,3,61
Weetabix Cereal imp,0.40945945945945944,0.041999998092651,0.01052631620775193,0.016568047407815978,0.18209408194233687,0.14925373134328357,0.0,5,40
FA-BU-BLEU,0.04648648648648649,0.09300000000000001,0.0,0.0,0.0,0.0,0.0,3,21
Hipro Fraise Framboise,0.0681081081081081,0.051,0.0035087719298245615,0.010059171597633138,0.125948406676783,0.0,0.0,1,18
Crispbread Original,0.4408108108108108,0.035,0.008771929824561403,0.07041420118343196,0.17754172989377842,0.09253731343283582,0.0,5,97
Iogurte Estilo Grego,0.06567567567567567,0.04,0.024561403508771926,0.011316568047337279,0.09104704097116843,0.0,0.0,5,67
Myrtille Intense,0.1872972972972973,0.39,0.0,0.0,0.007587253414264036,0.026865671641791045,0.0,3,71
Cranberry saveur amande,0.5075675675675676,0.18,0.024561403508771926,0.017159763313609466,0.11836115326251896,0.08955223880597014,0.0,4,70
Noir intense dessert 70%,0.6072972972972973,0.3,0.38596491228070173,0.01775147928994083,0.13657056145675264,0.0,0.0,1,28
Cacahu√®tes - grill√©es & sal√©es,0.6924324324324325,0.052000000000000005,0.13684210526315788,0.0591715976331361,0.3702579666160849,0.12238805970149252,0.0,3,23
Mayonnaise Classique,0.7227027027027028,0.02,0.09649122807017543,0.07692307692307693,0.015174506828528072,0.0029850746268656717,0.0,2,44
Excellence Extra Fondant Lait,0.6410810810810811,0.5,0.40350877192982454,0.01656804733727811,0.09711684370257967,0.0,0.0,1,33
Tartelettes citron,0.5121621621621621,0.41000000000000003,0.1526315789473684,0.01775147928994083,0.09104704097116843,0.025373134328358207,0.0,1,68
brioche tress√©e,0.38675675675675675,0.14,0.08771929824561403,0.05355029585798817,0.12139605462822457,0.03880597014925373,0.0,2,59
GrandLait - Demi-√©cr√©m√©,0.05324324324324324,0.048,0.017543859649122806,0.00591715976331361,0.05007587253414263,0.0,0.0,5,50
Prince Go√ªt Tout Choco Au Bl√© Complet,0.5262162162162162,0.34,0.09999999999999999,0.031952662721893496,0.10773899848254931,0.07611940298507462,0.0,2,27
Maestro vital,0.29702702702702705,0.009000000000000001,0.01929824561403509,0.0591715976331361,0.06828528072837632,0.13134328358208955,0.0,4,75
Dijon Originale,0.16837837837837838,0.019,0.010526315789473684,0.33727809171597634,0.1062215477996965,0.0,0.0,2,77
Coco Sans Sucres,0.015945945945945946,0.0,0.01929824561403509,0.004142011834319528,0.0015174506828528073,0.0,0.0,4,40
Pain de mie complet sans cro√ªte,0.29864864864864865,0.06,0.015789473684210527,0.05325443786982249,0.16691957511380878,0.09701492537313433,0.0,5,75
NESTLE DESSERT P√¢te √† tartiner 340g,0.6137837837837838,0.52,0.08771929824561403,0.007692307692307693,0.09863429438543246,0.04477611940298507,0.0,2,47
Beurre de cacahu√®tes crunchy,0.6727027027027027,0.059000000000000004,0.15087719298245614,0.04082840236686391,0.44006069802731407,0.1253731343283582,0.0,3,66
FETA AOP GRECQUE,0.3035135135135135,0.0,0.24210526315789474,0.13609467455621302,0.24279210925644915,0.0,0.0,2,35
caramel a la pointe de sel,0.5881081081081081,0.52,0.2982456140350877,0.02366863905325444,0.08194233687405159,0.0,0.0,1,29
beurre a teneur r√©duite en mati√®res grasses,0.6083783783783784,0.008,0.7368421052631579,0.002958579881656805,0.015174506828528072,0.0,0.0,2,34
Carr√© frais 0 pourcent ail et fines herbes,0.0891891891891892,0.015,0.0017543859649122807,0.08284023668639054,0.26555386949924126,0.0,0.0,4,50
FuzeTea Th√© noir √©vasion p√™che & saveur hibiscus,0.021351351351351352,0.043,0.0,0.001775147928994083,0.0,0.0,0.0,2,48
C√©r√©ales tr√©sor - chocolat au lait,0.5010810810810811,0.25,0.08245614035087719,0.056804733727810655,0.1062215477996965,0.05522388059701493,0.0,2,19
Puy Lentils & French green lentils,0.15702702702702703,0.01,0.005263157894736842,0.000591715976331361,0.13505311077389984,0.11044776119402985,0.0,5,79
Fage Total 0%,0.062162162162162166,0.03,0.0,0.00591715976331361,0.15629742033383914,0.0,0.0,5,67
Fromage blanc 0%,0.055945945945945944,0.046,0.0035087719298245615,0.00591715976331361,0.12898330804248861,0.007462686567164179,0.0,5,85
Wholegrain Wheat Bixies,0.4135135135135135,0.03,0.008771929824561403,0.013313609467455622,0.1927162367223065,0.1417910447761194,0.0,5,74
Roquefort Soci√©t√©,0.4081081081081081,0.0,0.39473684210526316,0.19822485207100593,0.28831562974203334,0.0,0.0,1,28
Activia bifidus saveur vanille sans arome artificiel 125 g x 4,0.10540540540540541,0.126,0.03508771929824561,0.007692307692307693,0.05462822458270106,0.0,0.0,4,84
confiture abricots,0.1864864864864865,0.4,0.0,0.0,0.006069802731411229,0.016417910447761194,0.5,3,80
Sucre Cassonade,0.4548648648648649,0.99,0.0,0.0,0.0,0.0,0.0,2,49
Sucre complet de canne,0.43432432432432433,0.96,0.0,0.00591715976331361,0.0,0.0,0.0,2,70
Tasty Wholemeal Medium,0.24864864864864866,0.04,0.008771929824561403,0.052544378698224856,0.15174506828528073,0.10074626865671642,0.0,5,67
Seeded Batch,0.32972972972972975,0.0262,0.02298245614035088,0.055857988165680474,0.16236722306525037,0.08805970149253732,0.0,5,68
sea salt & cider vinegar chips,0.572972972972973,0.025,0.05842105263157894,0.10473372781065089,0.09605462822458269,0.07611940298507462,0.0,2,68
Flutes aux 3 graines,0.567027027027027,0.03,0.14035087719298245,0.07692307692307693,0.22761760242792106,0.08955223880597014,0.0,2,27
Muesli 4 nuts,0.5181081081081081,0.18,0.07017543859649122,0.004437869822485207,0.15629742033383914,0.1208955223880597,0.0,3,56
Baked Beans,0.10378378378378378,0.048,0.0017543859649122807,0.031360946745562134,0.07132018209408193,0.07014925373134329,0.0,5,85
Beurre de cacahou√®te,0.7405405405405405,0.06,0.2087719298245614,8.875739644970415e-05,0.4142640364188164,0.13432835820895522,0.0,3,31
Tarte en Or Bris√©e,0.4227027027027027,0.015,0.13859649122807016,0.06508875739644972,0.09408194233687404,0.03432835820895522,0.0,2,40
Tomatensauce mit Basilikum,0.05081081081081081,0.044000000000000004,0.0035087719298245615,0.06109467455621302,0.019726858877086494,0.029850746268656716,0.0,5,85
Brioche tranch√©e,0.40378378378378377,0.10099999999999999,0.06315789473684211,0.060946745562130186,0.11077389984825492,0.023880597014925373,0.0,2,50
Chocolat Noir Cors√©,0.6232432432432432,0.34600000000000003,0.3929824561403508,0.001183431952662722,0.1274658573596358,0.1582089552238806,0.0,2,34
Prince Go√ªt Vanille,0.5313513513513514,0.35000000000000003,0.09298245614035087,0.03254437869822486,0.07738998482549315,0.03432835820895522,0.0,2,27
Almendra,0.017297297297297298,0.0,0.005263157894736842,0.004733727810650888,0.007587253414264036,0.0,0.0,4,71
AMORA Mayonnaise 5 Ingr√©dients 400g,0.7751351351351351,0.005,0.10526315789473684,0.07100591715976332,0.02276176024279211,0.011940298507462687,0.0,2,38
Milka Tablette Noisette,0.634054054054054,0.45,0.2807017543859649,0.013017751479289942,0.12443095599393017,0.05522388059701493,0.0,1,33
Quaker Cruesli Chocolat au lait,0.5172972972972973,0.2,0.08421052631578947,0.030177514792899412,0.11684370257966616,0.1298507462686567,0.0,3,29
Beurre plaquette AOP doux,0.8272972972972973,0.009000000000000001,1.0,0.002958579881656805,0.01062215477996965,0.0,0.0,1,43
Le pain au Seigle,0.24891891891891893,0.038,0.0035087719298245615,0.07100591715976332,0.11077389984825492,0.08805970149253732,0.0,5,82
Chocolat Noir - l'Original,0.5994594594594594,0.535,0.32456140350877194,0.0,0.07738998482549315,0.11194029850746269,0.0,1,29
GARDEN GOURMET Carr√© gourmand Tomates et mozzarella 160g,0.2127027027027027,0.035,0.03508771929824561,0.05325443786982249,0.12898330804248861,0.03880597014925373,0.0,5,66
Pesto Classic Basil,0.3864864864864865,0.034,0.08771929824561403,0.1745562130177515,0.06676783004552352,0.035820895522388055,0.0,2,39
huile d‚Äôolive vierge extra,1.0,0.0,0.2807017543859649,0.0,0.0,0.0,0.0,3,59
Cereales copos de trigo espelta integral 0% az√∫cares a√±adidos,0.41324324324324324,0.019,0.0035087719298245615,0.046153846153846156,0.22154779969650984,0.13134328358208955,0.0,5,39
Pain Grill√© l'Original,0.09081081081081081,0.01,0.0017543859649122807,0.014792899408284025,0.03186646433990895,0.01044776119402985,0.0,4,94
Pringles original,0.6086486486486486,0.013999999999999999,0.11578947368421051,0.06508875739644972,0.08952959028831563,0.05223880597014925,0.0,2,72
Pain au lait bio x12 420g,0.3927027027027027,0.087,0.021052631578947368,0.05325443786982249,0.14264036418816387,0.035820895522388055,0.0,4,83
Alpro Not Milk,0.06702702702702702,0.0,0.007017543859649123,0.007100591715976332,0.01062215477996965,0.014925373134328358,0.0,5,63
Le petit Gerbl√© nature,0.5078378378378379,0.18,0.022807017543859647,0.01124260355029586,0.15174506828528073,0.0791044776119403,0.0,5,64
Belvita petit d√©jeuner go√ªt noisette et chocolat,0.514054054054054,0.26,0.031578947368421054,0.05325443786982249,0.11532625189681334,0.06417910447761194,0.0,3,44
Lentilles pr√©par√©es,0.10378378378378378,0.005,0.0017543859649122807,0.05029585798816568,0.1062215477996965,0.0626865671641791,0.6,5,80
LE PUR JUS Orange sans pulpe,0.04648648648648649,0.085,0.0,0.0,0.012139605462822459,0.0,0.0,3,48
Sabl√© Nature sans sucres,0.48,0.0,0.021052631578947368,0.013017751479289942,0.09104704097116843,0.07761194029850746,0.0,5,55
Boisson Noisette,0.0772972972972973,0.04,0.007017543859649123,0.003550295857988166,0.015174506828528072,0.016417910447761194,0.0,5,82
Framboise Intense,0.18324324324324326,0.37,0.0,0.0,0.012139605462822459,0.06417910447761194,0.0,3,51
Greek style yoghurt,0.1381081081081081,0.047,0.10701754385964911,0.006508875739644971,0.06525037936267071,0.0,0.0,3,93
Lasagne all'uovo,0.4210810810810811,0.03,0.017543859649122806,0.004733727810650888,0.212443095599393,0.04477611940298507,0.0,5,75
Yaourt √† la grecque,0.07702702702702703,0.024,0.06315789473684211,0.0038461538461538464,0.029286798179059177,0.004970149253731343,0.0,4,79
Organic Porridge Oats,0.4189189189189189,0.015,0.017543859649122806,0.0014792899408284025,0.18209408194233687,0.12686567164179105,0.0,5,76
Simply Fruity muesli,0.3945945945945946,0.2,0.011701754385964913,0.0026272189349112428,0.13156297420333837,0.10940298507462687,0.0,5,66
Gerbl√© cacao c√©r√©ales,0.514054054054054,0.13,0.03859649122807018,0.010059171597633138,0.15174506828528073,0.09104477611940298,0.0,5,50
Huile d'olive vierge extra Classico,0.9118918918918919,0.0,0.22807017543859648,0.0,0.0,0.0,0.0,3,38
Muesli p√©pites croustillantes chocolat-noissette r√©duit en sucre,0.4891891891891892,0.09300000000000001,0.05087719298245614,0.004142011834319528,0.15174506828528073,0.1791044776119403,0.0,5,66
Pain de mie Bio grandes tranches complet sans sucres ajout√©s 500g,0.2864864864864865,0.019,0.008771929824561403,0.058579881656804736,0.15174506828528073,0.10298507462686568,0.0,5,90
Blanc de Poulet  - 25% de Sel*,0.11648648648648649,0.005,0.008771929824561403,0.08284023668639054,0.3186646433990895,0.007462686567164179,0.0,4,15
Mars,0.5108108108108108,0.616,0.14701754385964913,0.02485207100591716,0.06130500758725341,0.018507462686567163,0.0,1,34
Chickpeas In Water,0.13027027027027027,0.00333,0.005842105263157895,0.004928994082840237,0.10242792109256449,0.10328358208955224,0.0,5,75
Gazpacho Original,0.04594594594594595,0.0335,0.007017543859649123,0.034911242603550295,0.013657056145675264,0.01716417910447761,0.9400000000000001,5,90
bio organic oat flakes,0.41405405405405404,0.012,0.017543859649122806,0.000591715976331361,0.21547799696509862,0.18358208955223881,0.0,5,96
Pomme de terre nature,0.6081081081081081,0.005,0.06491228070175438,0.06508875739644972,0.09408194233687404,0.058208955223880594,0.0,3,73
flora 100% natural,0.7632432432432432,0.005,0.631578947368421,0.08284023668639054,0.004552352048558421,0.0,0.0,1,56
Grany Fraise üçì & Framboise,0.08405405405405406,0.036000000000000004,0.010526315789473684,0.007100591715976332,0.015174506828528072,0.011940298507462687,0.0,4,55
Thon entier au nature,0.12324324324324325,0.0,0.008771929824561403,0.0591715976331361,0.3793626707132018,0.0,0.0,4,33
Sabl√© de Retz Le V√©ritable,0.5337837837837838,0.26,0.11578947368421051,0.03609467455621302,0.11380880121396053,0.06417910447761194,0.0,2,64
Sucre de glace,0.4594594594594595,0.98,0.0,0.0,0.0,0.0,0.0,2,83
"Bonne Maman - Quatre Quarts, 500g (17.6oz)",0.48486486486486485,0.28,0.2631578947368421,0.05207100591715977,0.08952959028831563,0.014925373134328358,0.0,1,54
Ferrero Rocher,0.6772972972972973,0.399,0.24736842105263157,0.009053254437869822,0.12443095599393017,0.0,0.0,1,16
L'Original noir,0.597027027027027,0.53,0.3157894736842105,0.0,0.07587253414264036,0.10895522388059702,0.0,1,15
"Alpro Sojadrink, Unges√º√üt 1L",0.0372972972972973,0.0,0.005263157894736842,0.0053254437869822485,0.05007587253414263,0.008955223880597014,0.0,5,88
Tortilla Nachips Original,0.5559459459459459,0.005,0.03859649122807018,0.028994082840236687,0.11836115326251896,0.08955223880597014,0.0,4,72
Tomato ketchup,0.11756756756756757,0.228,0.0017543859649122807,0.10650887573964497,0.018209408194233685,0.0,0.0,2,85
Cola Cao El Original,0.07783783783783783,0.091,0.01929824561403509,0.007100591715976332,0.05159332321699544,0.007462686567164179,0.0,4,0
Gnocchi √† po√™ler,0.2164864864864865,0.015,0.005263157894736842,0.06508875739644972,0.07587253414264036,0.03880597014925373,0.0,4,82
Tartines craquantes √† la ch√¢taigne,0.43675675675675674,0.065,0.008771929824561403,0.01775147928994083,0.10166919575113809,0.06417910447761194,0.0,5,75
